isolation_source,collection_date,Cohort,phylo_entropy,quadratic,unrooted_pd,rooted_pd,bwpd
14284,t10,ColiGuard,3.57652980475288,0.931946963914002,343.460883426029,343.460440648699,2.098813356319
29644,t10,D-Scour,3.39024820663847,0.902789529791687,336.392319329975,336.391998585574,2.03275161611175
408216,tM,Sows,3.2602293535366,0.856833189442922,331.607594053926,331.60735591386,1.94262254411483
29924,t10,ColiGuard,3.43026711450828,0.901297814732256,306.02223991239,306.022443482362,2.01092645454865
315132,tM,Sows,3.47679491656186,0.953221015318743,349.332229351306,349.331685210031,2.153479112072
14183,t10,ColiGuard,3.40000586825078,0.929638227933455,314.684790787781,314.684844805956,2.12258241775742
29643,t10,Neomycin+ColiGuard,3.17277389747935,0.843356690100477,292.041330719471,292.041775658309,1.88808021057613
29781,t10,Neomycin,3.17025212695789,0.922126415900751,241.167853275566,241.169176503033,2.12852725441315
Y08843,tM,Sows,3.45913116358498,1.04236864515957,292.866664724037,292.867095414164,2.51799633684007
32719,tM,Sows,3.3591236515538,0.958441474794755,336.529183762893,336.52886065564,2.24996442810567
14162,t5,ColiGuard,3.19394768239826,0.937772583832914,297.344481877786,297.344835262093,2.3268667528028
14205,t10,D-Scour,3.40093733303798,0.931941531594047,308.440178227273,308.440340053534,2.14332763494534
29946,t2,Neomycin,3.58352714998359,0.913786718307023,398.929687890331,398.928287489839,2.07688534291064
14295,t10,Neomycin+D-Scour,3.38351212592124,0.946271991633297,277.268266778452,277.268966762054,2.17076850725936
29943,t5,Neomycin+ColiGuard,3.67811626319163,0.964326850233164,365.653658594023,365.652832676733,2.159526800573
29792,t5,D-Scour,3.24428085888738,0.929467653086893,306.725916643251,306.726108064824,2.28380268519455
210747,tM,Sows,3.39089568825884,0.878671115658912,350.825295892229,350.824725974391,1.98738366716979
P03694,tM,Sows,3.19586740860604,0.834613914366145,332.23799992676,332.237750903256,1.88464495894462
B11439,tM,Sows,3.32555684123438,0.857826217530554,356.718761321816,356.718089658158,1.95923311712351
14186,t10,Neomycin+ColiGuard,3.37768479133787,0.909391971464053,285.912845556591,285.913396298671,2.04724344110817
14286,t10,Control,3.4480444607519,0.900907774159543,329.148181668461,329.147985988122,2.05833087002665
315286,tM,Sows,3.2149851553971,0.845407934115193,319.696240983008,319.696208482629,1.91473940886622
14305,t10,Neomycin,3.24471251330096,0.886432814409511,281.721199489852,281.721822597244,2.0167992949127
14182,t2,Control,3.45837008869787,0.949764973363864,295.919156318813,295.91953431019,2.10612612251663
14201,t5,Neomycin+D-Scour,3.22709419763077,0.931068014545408,273.129154534449,273.129925976411,2.14131173877834
R03999,tM,Sows,3.29008166403387,0.859613450795495,332.179936227946,332.179688206864,1.93382871134553
29961,t10,Neomycin+D-Scour,3.29059283373416,0.900803473616421,280.143802338748,280.1444526786,2.0618586883189
32810,tM,Sows,3.20759023373282,0.856540930629384,320.875487056533,320.875434197443,1.96738926845223
29865,t10,Neomycin+D-Scour,3.40276618463237,0.926320166905414,296.571681695957,296.572048422021,2.12446460652558
B12474,tM,Sows,3.51390583680332,0.871321186760844,388.316473228604,388.315256056511,1.95735092835534
NegativeControl,tNONE,,3.21366280932432,0.920921591364234,227.401143616952,227.403257018015,2.10986571772093
14261,t10,Neomycin+ColiGuard,3.48356507525911,0.913615056996469,327.117334679002,327.117174059561,2.05749777008009
29745,t5,Neomycin+ColiGuard,3.13532219743769,0.904091113652719,332.933381843504,332.933120814806,2.34567835529993
315649,tM,Sows,3.5132356365296,0.905956572325001,353.353831728662,353.353218157738,2.04337621172658
29666,t10,Control,3.37269804692832,0.944433694560787,307.16830672945,307.168490513523,2.19053663191736
14274,t10,Neomycin+ColiGuard,3.23093365004632,0.890239784233433,275.216682753702,275.217418156211,2.04321164877417
14262,t10,D-Scour,3.4808956334909,0.948236318528745,278.86087108877,278.861543577372,2.14673203102328
29742,t10,D-Scour,3.21829071945901,0.920477163562648,307.712999523083,307.713173903485,2.22726502585791
B11614,tM,Sows,3.3818309455736,0.96453979717537,292.378653160198,292.379092275442,2.21153897871842
319096,tM,Sows,3.56452299645927,1.02765792272353,301.090972920287,301.091261624516,2.35706405456965
40486,tM,Sows,3.50056998728894,0.933925414841331,345.459933628043,345.459456338759,2.1316539505089
29653,t10,Neomycin,3.23277386096739,0.897745077482192,288.610042613388,288.610546790585,2.06648702135537
317019,tM,Sows,3.46428829789462,0.995460562354827,281.63686887967,281.637493442961,2.2864459776176
14271,t2,Control,3.55529048591716,0.943108069656428,355.090319408476,355.089583550972,2.13663268889933
21272,tM,Sows,3.64736656588718,0.982990128667904,315.364965545313,315.365007820832,2.1872453728692
29754,t5,Neomycin+D-Scour,3.55091452310473,0.947845191492041,361.005797750892,361.005052075085,2.14519953852898
910916,tM,Sows,3.61534462399533,0.99531063032409,315.297224563363,315.297268008374,2.23425895133524
29778,t5,D-Scour,3.37599225166356,0.953929389840775,301.113092424597,301.113380746951,2.19686202040054
14317,t10,D-Scour,3.48053213503735,0.995185686965143,269.563766933486,269.564599928924,2.27740530041969
29692,t5,ColiGuard,3.29941903055927,0.951291455271002,296.891032039432,296.891393252176,2.21962313375546
14187,t10,Control,3.28127818586211,0.873212720568905,319.969969848844,319.969932622762,1.98270390821069
29875,t10,D-Scour,3.54378086595394,0.948340619071866,324.537647488852,324.537531405583,2.13098541351475
14306,t10,ColiGuard,3.53360290925472,0.948915358523024,340.754009086097,340.753613040719,2.14498354965395
14275,t10,ColiGuard,3.55151656741841,0.945552752471357,332.116342653055,332.116095729864,2.12882552476439
29846,t10,D-Scour,3.3167647223893,0.885841777998491,299.58546415819,299.585778853786,1.99889278865382
314531,tM,Sows,3.5802556639017,0.955424364292178,332.890525303904,332.890265015088,2.13525376509283
29655,t5,Neomycin+ColiGuard,3.26011576026987,0.961156548307877,238.613050527764,238.614417861794,2.26266663099466
ColiGuard,tNONE,PosControl_ColiGuard,1.53191393201825,0.398884130580509,129.879191319826,129.881030286961,0.862568615085372
14277,t2,Control,3.45796115293763,0.945939533652098,309.464587770629,309.464731911304,2.08923784952576
29753,t10,Neomycin,3.48087291483755,0.96641720695155,294.101209558337,294.101618935066,2.19726314259704
14163,t5,ColiGuard,3.41150150684409,0.948886023995271,318.96491487176,318.964894997123,2.16199524485911
14276,t10,D-Scour,3.36525768795735,0.898481700067985,321.187925054911,321.187866801837,2.02059452800261
Protexin,tNONE,PosControl_D-Scour,2.15291692324133,0.729230816518478,162.149467981653,162.150866074562,1.93841764600303
14192,t2,Neomycin,3.48500770974661,0.899190074590016,367.423218938821,367.422362471531,1.98614944502673
32650,tM,Sows,3.32220583986578,0.913741086819407,347.985704526437,347.985183631802,2.1117624036366
29804,t2,Neomycin,3.48841550774858,0.929564348382078,330.355077122374,330.35486060598,2.12717989524031
315376,tM,Sows,3.3191842589707,0.974864464480372,294.478623600626,294.479026461612,2.36238149496933
14208,t10,Neomycin,3.34056251176973,0.859936130600776,346.124901226361,346.12441245696,1.97260385700665
29864,t10,D-Scour,3.03877928004185,0.868824492509881,285.860311733855,285.860863382888,2.03942670086879
14172,t5,D-Scour,3.3359051878337,0.924325419018222,316.73844851606,316.738467079528,2.12864039144293
14184,t10,Control,3.49937725798825,0.925182639106999,314.046090100831,314.046155145646,2.08159595742332
14194,t10,Neomycin+D-Scour,3.2996575764194,0.868706067934879,320.881016932611,320.880963978052,1.97053653491703
29702,t10,Neomycin+ColiGuard,3.29544326622363,0.866915575277966,325.273121007159,325.272992226545,1.9825496304428
14174,t5,Neomycin+D-Scour,3.38798770063049,0.951484845861373,323.369461167482,323.369365251986,2.21552963031432
14188,t10,ColiGuard,3.34827549458086,0.906714924190611,278.294058790827,278.294741064976,2.07076565811797
29951,t10,Neomycin+D-Scour,3.41309181257835,0.922203554844101,309.138325082057,309.138474855388,2.10369881896861
29679,t10,Neomycin+ColiGuard,3.64376565933177,0.951516353317107,356.309550492082,356.308885893111,2.12795128407973
29665,t10,Control,3.10188033971168,0.908229454993849,321.313729735674,321.313669310686,2.26810749360865
29631,t4,Control,3.10247691586606,0.98971244604421,270.907800339375,270.905864593353,2.41968258252731
29707,t8,Control,3.29519824620879,0.914316604887176,311.282530228248,311.28260988306,2.11594363935453
14297,t6,Neomycin+ColiGuard,3.49174875891906,0.863611564903377,350.999291026056,351.001353237608,1.94264754600192
14194,t6,Neomycin+D-Scour,1.2374381883621,0.58035914835797,4.63614703001605,4.68461794292591,1.4053690692947
14286,t8,Control,3.47817643474966,0.98666954208262,310.387976572032,310.388011573068,2.24859710739285
29644,t6,D-Scour,3.43524704576243,0.942676937691192,334.25255612031,334.25378237869,2.19228365515438
29898,t4,Control,3.29997763308976,1.01058332494606,290.250873155385,290.249902964928,2.38527881307311
29679,t6,Neomycin+ColiGuard,3.33770217048851,0.850285283138587,324.888681185441,324.889440023695,1.93457469576826
14284,t4,ColiGuard,3.43811184145963,0.911599547313565,315.317667833015,315.317948911335,2.02426029562579
29792,t4,D-Scour,3.61911871018906,0.968248359615529,325.824865602048,325.825671172178,2.13300633700864
29913,t8,Control,3.41115156116075,0.940332514704859,278.378998753034,278.377435949681,2.17738245086913
14287,t6,Neomycin+D-Scour,3.25850900626496,0.902402324136962,300.017855696971,300.017373048716,2.01058721257283
29765,t4,D-Scour,3.65585049660364,1.00413156646407,349.697568225525,349.699565458481,2.24194887778865
14307,t6,ColiGuard,3.61134688819864,0.877689799871196,357.91608955743,357.918497037459,1.93378869817959
29943,t4,Neomycin+ColiGuard,3.56115623487,0.924601653697494,343.17270807247,343.174379601487,2.01098021136717
14262,t6,D-Scour,3.45745630349418,0.867648718100083,335.624340444427,335.62563517869,1.93511506911047
29752,t6,D-Scour,3.48753665831476,0.90930358353365,340.987600844121,340.989163298305,2.0577961927425
29793,t6,Neomycin,3.46768163863121,0.91480119695135,344.461230875805,344.462966724507,2.02365442248452
29679,t8,Neomycin+ColiGuard,3.32899432614158,0.850076407248856,311.556684016191,311.556777356043,1.85653168519295
29644,t4,D-Scour,3.16859413141229,0.988654698538616,273.164999860109,273.16317678758,2.47720778104831
29633,t4,Neomycin,3.46945440824581,0.989277984193571,314.03422195168,314.034438963741,2.25287096928125
14297,t4,Neomycin+ColiGuard,3.47270212217976,0.95554035048434,317.424590462581,317.424976712963,2.13822994598336
14195,t6,Neomycin+ColiGuard,3.24719164504533,0.895626390274113,295.520718190298,295.520011056711,2.09951956474122
14286,t4,Control,3.41974594825234,0.937393213184575,307.037208052723,307.037075792165,2.10281092964379
14275,t8,ColiGuard,3.34008477285054,0.880167903426956,306.935669612744,306.935532283653,2.029172780555
14183,t4,ColiGuard,3.49661323874153,0.985700357954271,313.333606715825,313.333788755007,2.2016501264194
14274,t8,Neomycin+ColiGuard,3.44472072658287,0.986159884911678,294.913518319224,294.912780875808,2.2402458830132
29703,t4,Neomycin+D-Scour,3.33958839735845,0.887386654176034,328.732926523049,328.733877255967,2.06719541390705
29653,t6,Neomycin,3.27402428593197,0.84269389780223,310.966745679913,310.966809571587,1.93732568732861
14286,t6,Control,3.13847123012096,0.794525446623315,320.572282101932,320.572825476841,1.82160391734629
29703,t6,Neomycin+D-Scour,3.3252218724017,0.861350692272936,324.334281303156,324.335012467218,2.00845846910351
29691,t4,Neomycin+D-Scour,3.45816541134002,0.999559690989653,305.272469965887,305.272249614223,2.26526680625262
14305,t6,Neomycin,3.2802077063477,0.796004287922605,339.183262765693,339.184735152043,1.80409909604856
14183,t8,ColiGuard,3.48964979969537,0.996830936366217,299.428932745092,299.428420699346,2.30666267925606
14194,t4,Neomycin+D-Scour,2.98224058952521,0.887876259261562,285.896904849083,285.895717319925,2.41743921440964
29743,t4,Neomycin,3.49410299696725,0.844065794645978,357.501812722315,357.504199522729,1.89258932457332
14174,t4,Neomycin+D-Scour,3.24271008345962,0.977378742507418,284.741397402122,284.740152193056,2.30143907028133
29653,t4,Neomycin,3.33322060890279,0.933870730180164,308.753207688369,308.753161086021,2.17587595549084
14194,t8,Neomycin+D-Scour,3.22979013850839,0.848677774291222,307.307300303067,307.307181524807,1.97855781083441
29912,t4,Control,3.5473286318761,1.01776197152431,319.979297612454,319.97981138713,2.294037592988
29653,t8,Neomycin,3.3908001659851,0.889313325382906,319.146682404626,319.14715461733,2.03246414545756
14183,t6,ColiGuard,3.2966448262143,0.847977622308847,311.155607178274,311.15568049742,1.94510378846652
29745,t4,Neomycin+ColiGuard,3.30150930603677,0.8360884066654,334.637386807831,334.638632275952,1.96165886267795
14305,t4,Neomycin,3.39201983147995,0.982398447889415,329.530003276884,329.530993797788,2.24180150324078
14287,t4,Neomycin+D-Scour,3.21820331630734,0.834495936882097,313.735698938142,313.735901048715,1.9091607737345
29962,t4,Control,3.10154089350954,0.925497313512657,297.005210182792,297.004577151159,2.53379960743276
29679,t4,Neomycin+ColiGuard,3.44696150737573,0.897277345306541,327.978495914004,327.979408987721,2.09147946440709
29913,t6,Control,3.25633913625669,0.823901751754978,299.82696342981,299.826471252714,1.87521550287369
29913,t4,Control,3.42646829063092,0.964324834902835,309.612222890592,309.612219168034,2.15578389213039
29778,t4,D-Scour,3.21733820473542,0.999527941854414,270.216323563117,270.214353300385,2.35180841575545
29900,t4,Neomycin+ColiGuard,3.25368707291324,0.908401239690015,327.857665170429,327.858572212592,2.12850322582353
14274,t4,Neomycin+ColiGuard,3.54762645717135,0.970076441402448,333.009725614966,333.010889834501,2.12833947632589
29962,t6,Control,3.12418979810571,0.902460809386087,259.985310350827,259.982829382696,2.14227455857507
29962,t8,Control,3.39952219248895,1.04979684898046,272.651215353815,272.649366634508,2.4682015586781
14201,t4,Neomycin+D-Scour,3.10684502019644,0.912518601228378,302.618255144835,302.617902301714,2.35321666143516
29949,t6,Neomycin,3.44698987168956,0.903440019557142,352.283752291791,352.285878620287,2.04777472348692
29793,t8,Neomycin,3.29708447307872,0.921936397344536,322.194866372797,322.195490742866,2.13993294075882
14275,t6,ColiGuard,3.37151243257822,0.889548937386521,323.714896819283,323.715597065294,2.00637885048348
14284,t8,ColiGuard,3.33290860145062,0.9295378087236,300.350901780102,300.350435756636,2.20639886185097
29939,t4,Control,3.64605062617411,0.984712792747627,360.053473718989,360.055987891641,2.16408599166074
14172,t4,D-Scour,3.57244523177579,0.955617216811761,328.139942033571,328.140863166256,2.12057775013775
14287,t8,Neomycin+D-Scour,3.44065044754774,0.888217144713601,332.938648706981,332.939809378542,2.00446298136109
14205,t6,D-Scour,3.37449068553075,0.99682091032351,280.305182959437,280.303716306158,2.24655023867234
14231,t4,ColiGuard,3.34092152010863,0.902161699111993,320.489020581149,320.489559799861,2.04307511290465
14297,t8,Neomycin+ColiGuard,3.29379421267402,1.05536130268287,251.458112161386,251.455205537841,2.42541381494472
29949,t4,Neomycin,3.37491615023826,0.878827755718447,343.094523473687,343.096191099933,2.01541782275322
29703,t8,Neomycin+D-Scour,3.34419759835642,0.933013503528711,304.010347156947,304.010063803416,2.15275452642404
29797,t4,Neomycin,3.63754133202402,0.980879502419297,330.870310684608,330.871368110149,2.17327233847836
MockCommunity,tNONE,MockCommunity,1.93276873496915,0.636317069545672,123.617918477488,123.618513565668,1.59334021389526
29718,t4,Neomycin,3.51253980095912,0.916995229297077,343.890584843122,343.892292206669,2.01725181712679
29863,t4,ColiGuard,3.2722798806312,0.948485358432811,298.091671490568,298.09109269224,2.21155697102664
14195,t8,Neomycin+ColiGuard,3.42882252867911,0.964338202959778,310.879422621531,310.879482154267,2.23351577866018
14274,t6,Neomycin+ColiGuard,3.34068042344104,0.933534857749478,296.273118030543,296.272448454786,2.10515254746004
29707,t6,Control,3.18843496893893,0.92447298614942,307.631207926601,307.631105316961,2.2622701904458
14205,t8,D-Scour,3.37583799043785,1.04647154481595,297.11284092917,297.112213270182,2.4621919521147
14305,t8,Neomycin,3.38549603929821,0.846767813155529,325.462373371323,325.463160846789,1.94125567527198
14273,t4,D-Scour,3.49319533892458,0.872658397439374,334.05963308435,334.060849712517,1.93706368813239
29901,t4,ColiGuard,3.5714382986347,0.904462675913262,328.953264937803,328.954226669439,1.94775653032829
14307,t8,ColiGuard,3.42604282592341,0.888979123959337,338.517170599431,338.518609736203,2.01844718845956
29949,t8,Neomycin,3.33992876912445,0.896273070028718,312.890899117516,312.891059057893,2.0295330294498
14284,t6,ColiGuard,3.40476959054817,1.00139278579793,271.487584831655,271.485678026958,2.28774961227861
14205,t4,D-Scour,3.24841131054018,0.931058425200836,292.479641912926,292.478782976771,2.09403395657027
14295,t8,Neomycin+D-Scour,3.47867281024175,0.995997103814414,296.922964046409,296.922326909265,2.22491893003407
14233,t4,D-Scour,3.46310080194707,0.950106235337117,329.667080170856,329.668077534279,2.12668560639973
14262,t8,D-Scour,3.48055903711169,0.9615492920801,313.312283643429,313.312464618219,2.1761215797373
29793,t4,Neomycin,3.48945124949853,0.931190434763145,342.026339085107,342.027953390385,2.10330217813671
29765,t8,D-Scour,3.27427956475647,0.910230992484052,321.812066454076,321.812671715775,2.12214974531509
14163,t4,ColiGuard,3.48858613792661,0.942103782249772,322.381697102358,322.382330798529,2.1105399059324
14295,t4,Neomycin+D-Scour,3.71307549976303,0.922451067536831,353.560090482328,353.562280522285,1.99789662650572
29707,t4,Control,3.43265171104665,0.948251417436313,332.684802607034,332.685950607262,2.13728019889705
29655,t4,Neomycin+ColiGuard,3.26361458275502,1.01137705332703,262.516663659505,262.514309049905,2.31891114167954
29765,t6,D-Scour,3.43683544733712,0.949681799529186,300.535701740864,300.535244942129,2.14720341845404
29644,t8,D-Scour,3.38022027692515,0.947108448567709,306.42290049085,306.422737565666,2.19452702327206
14295,t6,Neomycin+D-Scour,3.57782026924727,0.93752856476112,336.722986365001,336.724335940792,2.08727110231773
29777,t4,Neomycin,3.36719885700036,1.04029321278389,278.30905758532,278.309831310735,2.41656438073292
14288,t6,ColiGuard,2.91173189273857,0.784270864501924,286.232485164244,286.233085497273,1.80920139236029
29924,t6,ColiGuard,3.45015285000208,0.947293052054074,320.995284720223,320.995124321272,2.17207141387625
14209,t8,ColiGuard,3.21455939560599,0.955512671955344,267.623216476673,267.62422404577,2.21524099079035
14298,t4,Neomycin+D-Scour,3.49756982554305,0.999714281754218,300.580943789506,300.581230127936,2.25580940682002
14276,t6,D-Scour,3.40167302106865,0.98111293525768,322.712901912828,322.71270392639,2.30705712312673
29652,t4,Neomycin+D-Scour,3.64719215472657,0.984786545111616,350.569084610828,350.568277033411,2.25626178262601
14208,t4,Neomycin,3.42373580036049,0.959107420774848,313.984887868936,313.984880882057,2.1523445974795
14306,t4,ColiGuard,3.32883327809193,0.899381687760484,331.450244495444,331.449855305305,2.0616432483793
29654,t4,Control,3.41967295755383,0.871555243173674,313.343550831643,313.343557879468,1.99776132206255
29666,t8,Control,3.21598224772815,1.00549906721741,277.802984359529,277.8037691596,2.42262298527738
29961,t8,Neomycin+D-Scour,3.44067288345321,0.926629818094796,318.0602932241,318.060197053058,2.13887026097263
29781,t4,Neomycin,3.00490299254522,0.96970765815302,263.545478986828,263.546575791123,2.39622362574234
29667,t6,Neomycin+D-Scour,3.42323865925756,1.03971818440783,246.187400555649,246.188877215581,2.31406894811951
14208,t6,Neomycin,3.24797070628182,0.838275886643568,338.298557986396,338.298018931139,1.89533051456428
29924,t4,ColiGuard,3.43525575971101,0.827816941952086,343.348795638246,343.348146066076,1.90037127354527
14187,t8,Control,3.32900470605846,0.879180119440273,292.511757793016,292.512220713536,2.0076489646791
14208,t8,Neomycin,3.44218144955864,0.886031171806513,325.509131395427,325.50887221768,2.01777895147743
29865,t4,Neomycin+D-Scour,3.34169037558135,0.892249692959082,313.829800912646,313.829797319613,2.01687419986546
29643,t4,Neomycin+ColiGuard,3.33827895904749,0.969917954244837,306.955833940202,306.955980773676,2.27616631808939
29665,t8,Control,3.59842089825004,0.952675317654026,350.552759668061,350.551952447891,2.11746319158222
29875,t8,D-Scour,3.31455332848035,0.857248537177221,339.891405973565,339.890832061207,2.01480619618095
29796,t4,Neomycin,3.18495378578702,0.968376878196988,265.408854597,265.409910624102,2.36379797422041
29875,t6,D-Scour,3.4405700266733,0.886558554974273,322.259301717361,322.259113657285,1.99942541877743
29754,t4,Neomycin+D-Scour,3.44022717074025,1.04410482944808,255.080996161897,255.082278198764,2.33672005097638
29646,t4,Neomycin+ColiGuard,3.48603272339588,0.876050322136272,349.649057479148,349.648270035151,1.97942394564133
29692,t4,ColiGuard,3.32206187341417,0.936937612470284,250.958948113111,250.960320354848,2.1453489287655
29665,t6,Control,3.44147859489588,0.866399703047713,333.47453739861,333.474103909842,1.91567126955487
29847,t4,Neomycin,3.565266729524,0.85923156360553,345.859338622414,345.858634110758,1.92447644149281
29646,t8,Neomycin+ColiGuard,3.64468930641529,0.899600198543388,350.858269311281,350.857455405488,1.95981022319608
29704,t4,ColiGuard,3.63560362418944,0.9598615294166,346.349086905438,346.348371676372,2.14013045071788
29700,t4,ColiGuard,3.36428458156942,0.930935959162401,334.867987870547,334.867523888196,2.16598049677422
14195,t4,Neomycin+ColiGuard,3.24776499272199,0.81243739729972,340.923375569937,340.922779074464,1.89778626893963
29700,t6,ColiGuard,3.32746185435973,0.895966019206668,311.795013403415,311.79505433867,2.06778263431768
29752,t4,D-Scour,3.56339816468887,0.817959312648145,372.754681831815,372.753388755718,1.83550381422263
14186,t4,Neomycin+ColiGuard,3.14465107085686,1.03102704123819,245.09596152491,245.097462069356,2.54566920450558
14317,t6,D-Scour,3.57277527445782,0.960779931880083,340.75429580556,340.753703010145,2.13384565827043
29742,t8,D-Scour,3.17768524000634,0.948012658993262,304.846418121177,304.846611116068,2.30481140037558
29742,t6,D-Scour,3.49930124800496,0.904943033626124,325.260759051894,325.260505309404,2.01658338684733
29668,t8,Neomycin,2.95594316530551,0.986183042596341,245.631186434215,245.632675266063,2.4681675351729
14306,t8,ColiGuard,3.38002166889647,0.875309357000259,322.245308909274,322.245121155411,1.99470778537215
14262,t4,D-Scour,3.40232444734144,0.942727326748132,349.278248064858,349.277468735472,2.13145452901021
29864,t6,D-Scour,3.22307936554231,0.934650642471769,263.580461007044,263.58155704581,2.12240701289049
29715,t6,Neomycin+ColiGuard,3.04882283756907,0.745854040166247,319.847874457138,319.847739167549,1.6658144181415
29702,t4,Neomycin+ColiGuard,3.37263312353922,0.861245805859969,327.337524985383,327.337225795972,1.9766127531327
29914,t4,D-Scour,3.46609565088896,1.03800952866181,256.92571469462,256.926956362576,2.32175933682127
29931,t8,Neomycin+D-Scour,3.22443364647786,0.963977089650995,280.025508710585,280.026244874029,2.28211182868235
29705,t6,Control,3.34153609041148,0.998459076956182,252.003744450229,252.005093828157,2.29744413724952
29668,t4,Neomycin,3.40990156346187,1.00686270593779,315.178940825643,315.178907708697,2.33439354683131
29948,t8,Control,3.51829546669599,0.957830857779988,324.613591677898,324.6133520977,2.18732294104949
29753,t4,Neomycin,3.68192346074465,0.937133122118145,349.793649829374,349.792859221189,2.07285570585624
29948,t4,Control,3.58547808677736,0.99470989194425,327.153286345579,327.152991187955,2.24212503868894
29951,t6,Neomycin+D-Scour,3.39807303377161,0.885101268775508,339.685012054291,339.684442658555,2.01556554128386
29931,t4,Neomycin+D-Scour,3.5683010045315,0.955783756761202,331.13424024616,331.133857971302,2.1593402661935
29875,t4,D-Scour,3.2652849309009,0.971572393029682,274.802693092336,274.803543549304,2.2575865974864
29694,t8,Neomycin,3.41482154610116,0.941920644083426,312.652072898707,312.652095078494,2.13221387411312
14261,t4,Neomycin+ColiGuard,3.3939930481683,0.919883913774465,307.632152997711,307.632285030952,2.12544439330211
29646,t6,Neomycin+ColiGuard,3.39994159860674,0.832525602882935,356.925317684075,356.924371009985,1.8779302023126
14265,t8,Neomycin,3.4194329584007,0.865821388795215,336.650904834223,336.650401835395,1.99648497603852
14261,t8,Neomycin+ColiGuard,3.23691360244092,0.91415334527244,300.472499526837,300.472788238407,2.15079359471612
14308,t4,ColiGuard,3.57412955539337,0.89106020568974,350.002375883329,350.001580707487,1.98756671014908
29704,t6,ColiGuard,3.25326783044746,0.947355483706332,285.447721844065,285.448339350468,2.22441775714035
29864,t4,D-Scour,3.56111817273408,1.06051778223915,282.262025869728,282.262713090332,2.38179606878714
14209,t4,ColiGuard,3.37064455912752,0.88640740465828,318.445095446476,318.444990854612,1.98393154742241
14261,t6,Neomycin+ColiGuard,3.47231848607383,0.929772758904535,314.159797970016,314.159787155491,2.073550425844
29865,t6,Neomycin+D-Scour,3.68914057813537,0.963222981009244,345.662273241864,345.66157304269,2.17798461191164
29742,t4,D-Scour,3.35605603917619,0.924694436874788,341.03998230399,341.039383256753,2.22432081946764
29847,t6,Neomycin,3.17595381754443,0.914618296787943,299.259789492682,299.260104742601,2.14893562265582
29667,t4,Neomycin+D-Scour,3.33947895481317,0.984614036598797,307.297491670978,307.297631027783,2.34156693461195
29846,t6,D-Scour,3.47567847421774,0.942995125677556,323.15367536755,323.153467735442,2.15874248387844
29781,t6,Neomycin,3.60563801564077,0.902754639920649,355.297487676691,355.29657662523,1.99986163830463
29865,t8,Neomycin+D-Scour,3.27286204702133,0.863310979199145,321.53517389889,321.535001685271,2.02341749277347
14276,t4,D-Scour,3.54507251506729,0.921548210188614,314.390679303442,314.390663436423,2.04581009516978
29643,t6,Neomycin+ColiGuard,3.22727935072219,0.91682969162846,271.012974235603,271.013907624911,2.09053067484726
29753,t6,Neomycin,3.26000494953192,0.751172231175724,361.670045692705,361.668995187325,1.71602813260595
14275,t4,ColiGuard,3.56890100241434,0.991522591802642,321.697257259224,321.697081498652,2.2607532281283
14184,t4,Control,3.47991274499092,0.967387829390159,272.943981751526,272.944872883617,2.11768937948521
29792,t2,D-Scour,3.28235751417576,0.862411089210234,338.293623389111,338.293473919012,1.99709237745932
29796,t6,Neomycin,3.19996146712961,0.884350822636816,290.629401111604,290.629784590283,2.03100511296723
29752,t1,D-Scour,3.54309406370916,1.01988081046586,304.385309416801,304.385539086309,2.364021786747
14159,t4,D-Scour,3.45712907300565,0.928894731495202,317.020401812905,317.02049020544,2.10733195341303
14260,t4,Neomycin+ColiGuard,3.55958103169156,0.957147169635011,335.531785742765,335.531667153648,2.13708159407281
14288,t4,ColiGuard,3.27718836480246,0.941129768601997,291.159294199135,291.159671752912,2.21334660637729
14306,t6,ColiGuard,3.5289152712443,0.908700548907298,361.818164042872,361.817751537426,2.04659610926728
29951,t2,Neomycin+D-Scour,3.69594765333891,1.00171838432923,322.409424200357,322.409452336524,2.2381706051128
29705,t9,Control,3.25966368765882,0.883294996984684,310.977489417989,310.977645378242,2.03093298013571
14187,t2,Control,3.4419707606783,0.905058759469245,322.882162457606,322.882185307937,2.0410934046908
14276,t1,D-Scour,3.59611421309726,1.00470281105283,296.846684175178,296.846998136445,2.29537194051372
29847,t1,Neomycin,3.42344716723925,0.908355686314025,342.871822167306,342.871621506915,2.07258453799744
14188,t2,ColiGuard,3.43313568548303,0.882675053378595,361.027683678292,361.027280011458,2.00224472256839
29931,t7,Neomycin+D-Scour,3.07241052424461,0.929675476134518,260.460369256058,260.461090064247,2.34765793868058
14297,t2,Neomycin+ColiGuard,3.30650607316175,0.842763023338949,333.509085986339,333.508990013669,1.92406303788333
29846,t4,D-Scour,3.47869790641321,0.944511646936029,328.931855934081,328.931811140872,2.13015684224622
29846,t1,D-Scour,3.56233532516627,0.984450982811506,314.616992763244,314.617108029057,2.22688696932393
14160,t4,Control,3.17951762683144,0.932091536941935,287.955717525524,287.956130899507,2.27714294351782
14160,t2,Control,3.49590254241366,0.925343961509919,322.973222695682,322.97324452784,2.08469254900376
29702,t9,Neomycin+ColiGuard,3.53828374834488,0.912302896582484,171.399581513341,171.401298138429,2.00732493484594
29847,t7,Neomycin,3.5075501003824,0.913482104159482,338.430213746226,338.430062748867,2.05985824557804
14317,t1,D-Scour,3.44475414880239,0.923030044755055,318.854200011619,318.854267899875,2.11660617460936
29951,t4,Neomycin+D-Scour,3.43271866217524,0.9030715014171,334.995111573675,334.994998985282,2.05485016613202
14188,t6,ColiGuard,3.18679128917662,0.947050078341059,266.149696683975,266.15035387799,2.24784670922764
29718,t2,Neomycin,3.49174200755222,0.911186391295172,344.039136921373,344.038923208866,2.04945050845771
14261,t2,Neomycin+ColiGuard,3.37029124282071,0.838251492463316,364.618750726698,364.618306907004,1.89743571835965
14320,t4,Neomycin+D-Scour,3.24519394870015,0.920342948243834,315.697122182983,315.697225371527,2.24006666811294
14305,t2,Neomycin,3.58518432314658,0.94848312905856,329.803709277369,329.80365473569,2.09852144327651
29705,t4,Control,3.40834704421067,0.951111568589107,331.876782782518,331.876705061148,2.1525798481609
29943,t2,Neomycin+ColiGuard,3.43330055516285,0.895828375631113,336.655507829668,336.655376675858,2.03364311366308
29652,t1,Neomycin+D-Scour,3.49960726110147,0.940800075917519,333.557522283188,333.557425768937,2.12647806783834
14322,t8,Control,3.28806006545438,0.857010601679213,325.825151854168,325.825141798002,1.93563520499831
14193,t2,Neomycin+D-Scour,3.41446661879707,0.916523165209253,345.423446285326,345.423217094417,2.07630453116619
14263,t6,Neomycin+ColiGuard,3.41997520574649,0.902262439614699,344.608747772321,344.608527690814,2.04471035095736
29643,t7,Neomycin+ColiGuard,3.02865217157604,0.909660298470395,285.355657110654,285.356099556737,2.32639936276055
14317,t4,D-Scour,3.51373756248403,0.955782889170714,337.583547277301,337.583405746788,2.14570661978539
14208,t7,Neomycin,3.43463890903436,0.90235345906747,326.588507892513,326.588489301021,2.05443797852329
29666,t6,Control,3.46310317434515,0.927509213158592,326.221360762395,326.221346276091,2.09439956718925
29846,t9,D-Scour,3.48632070455095,0.95357010514115,322.396830763176,322.396859040154,2.18550333340787
29646,t9,Neomycin+ColiGuard,3.48907499802566,0.932717548511542,340.99346257549,340.993282917633,2.10881582880444
29700,t9,ColiGuard,3.27833275434477,0.944688629205304,306.249138119561,306.24934694901,2.28869450125236
29753,t9,Neomycin,3.24951935324141,0.886494836413176,299.100909430544,299.101198186603,2.01914441452615
29666,t9,Control,3.36186349271676,0.961120674412048,284.477022685808,284.477474956181,2.21628344308946
14193,t4,Neomycin+D-Scour,3.50868479170825,0.95371169095657,325.265228262591,325.265224467107,2.14477919766576
29796,t9,Neomycin,3.32738633320063,0.963434591166912,297.647820525065,297.648125528572,2.22066293643217
29715,t8,Neomycin+ColiGuard,3.38145388996644,0.893000704631725,320.148417863432,320.148471280628,2.04466913219649
14209,t7,ColiGuard,3.39752383464105,0.943519534900836,284.680455132575,284.680905128305,2.15142572285646
29646,t7,Neomycin+ColiGuard,3.49467086892321,0.939271960438236,337.36849011929,337.368350993399,2.13252692099639
14276,t9,D-Scour,3.37399596150852,0.87367929746316,345.368228906918,345.368000333412,1.99171332916545
14186,t6,Neomycin+ColiGuard,3.1677730866981,0.856365374891799,290.2835659521,290.283953297672,1.99732938533434
29777,t2,Neomycin,3.42154631681305,0.943336484668043,290.230286025566,290.230673966878,2.10341617113013
14261,t7,Neomycin+ColiGuard,3.25086740532938,0.869477232726945,311.640097958887,311.640246510304,1.99052828979036
29865,t2,Neomycin+D-Scour,3.62421964439902,0.981752761700502,342.313836027602,342.313641606231,2.24264284066748
29864,t2,D-Scour,3.59031467965404,0.943981711455457,342.367115954136,342.366920937025,2.11183510303835
29951,t9,Neomycin+D-Scour,3.31588424847879,0.924094972352464,322.163367812362,322.163398699764,2.13883339140989
14307,t4,ColiGuard,3.41151836099316,0.984812026640827,295.752992592321,295.7533187825,2.25133999921159
29948,t6,Control,3.37498517958746,0.929277013196836,330.048796939426,330.048739657345,2.12091353512054
29846,t7,D-Scour,3.39451738753837,0.937240203986958,315.20307195512,315.203180667796,2.16758347711851
29667,t7,Neomycin+D-Scour,3.35447345177407,0.958391102156201,264.014624718859,264.01530578579,2.17927930051611
29931,t1,Neomycin+D-Scour,3.49353617759736,0.983874526277296,299.743174726765,299.743456301453,2.22049806138868
14190,t2,Neomycin,3.3551717233592,0.948529650112198,289.465961261284,289.466357748753,2.17401360381464
29753,t2,Neomycin,3.47920221366914,0.903847189420151,338.500930739626,338.500778951558,2.04254636601155
29644,t2,D-Scour,3.68937226257887,0.973053324670196,322.528577490606,322.528604294482,2.15276533258482
14306,t9,ColiGuard,3.40693110460747,0.922144122081427,321.721628785097,321.721664611723,2.09878936522218
29864,t1,D-Scour,3.30648667672883,0.90263663069831,295.472062070596,295.472391401948,2.09128755074338
14308,t6,ColiGuard,3.30814507174353,0.925638257740542,312.520669835607,312.520808541071,2.14470706483423
29668,t2,Neomycin,3.51587117010528,0.920026402813645,333.384120340468,333.384025765078,2.06084749583898
29934,t1,Neomycin+D-Scour,3.60908072850459,0.965681760323078,315.393910964706,315.394017543551,2.16414171058565
29931,t6,Neomycin+D-Scour,3.11276480293565,0.932401003081353,259.69507576584,259.695805131017,2.28223346048559
29797,t2,Neomycin,3.66220755827376,1.00078998591097,313.41964750513,313.41977615884,2.21757152936673
14306,t2,ColiGuard,3.23400220690504,0.829858487590668,334.432281804286,334.432175509071,1.90154728975669
14263,t9,Neomycin+ColiGuard,3.44164102131865,0.937571919325942,329.205036648311,329.204988800582,2.12853900588197
29796,t1,Neomycin,3.37956273775669,0.913100833785101,328.833045888509,328.833002200126,2.10440542139107
29847,t2,Neomycin,3.64292750395081,1.03711382685698,352.059218953678,352.058915566091,2.34978070486552
14306,t7,ColiGuard,3.50031523090307,0.941296637598742,318.934604264389,318.934671253619,2.09687269284161
29961,t4,Neomycin+D-Scour,3.47636063624629,0.955385437560285,321.604412946722,321.604450083975,2.15475413779692
29796,t2,Neomycin,3.65594251044045,0.956944904184411,355.029332676476,355.028996079106,2.12728183367535
29951,t7,Neomycin+D-Scour,3.32462234150946,0.950457239856416,292.796441032641,292.79680028096,2.18091774626079
14276,t7,D-Scour,3.41398170797406,0.917911717527622,319.52552708595,319.525587467885,2.10194260042894
29646,t2,Neomycin+ColiGuard,3.43101177607823,0.870273147275056,370.179237604995,370.178731611736,1.94077724541716
14261,t1,Neomycin+ColiGuard,3.42027585045675,0.886708226463559,332.837758912008,332.837670445659,2.04612209351725
29847,t8,Neomycin,3.3378313123283,0.902228054488097,304.940389378694,304.940612841677,2.0657422236926
14317,t8,D-Scour,3.42038253083782,0.914754353843756,328.805921562273,328.805878177176,2.08975215190087
29694,t6,Neomycin,3.38664243577266,0.911178300677148,349.88927285483,349.888993730098,2.09512089550452
29655,t2,Neomycin+ColiGuard,3.46969796153811,0.949844375541098,309.233782731414,309.233958188605,2.16872729773273
14260,t6,Neomycin+ColiGuard,3.46203637053452,0.970011252293171,329.919956389807,329.919900548333,2.25157700708661
29934,t6,Neomycin+D-Scour,3.42951825074336,0.928165564545789,334.246286424385,334.246182208843,2.12321148103919
14308,t8,ColiGuard,3.41196447895033,0.9153085611784,327.627950822899,327.627920609065,2.07232692074199
29667,t8,Neomycin+D-Scour,3.44531664535708,0.890431933409105,335.847590398222,335.847468277993,2.0138374990638
29715,t1,Neomycin+ColiGuard,3.47033804382448,0.943218159379442,315.869555399766,315.86965666028,2.13089877994192
29643,t8,Neomycin+ColiGuard,3.35353272477742,0.943387051030693,286.305977254837,286.306409075089,2.17716683902139
14159,t6,D-Scour,3.16417958655735,0.908075678364275,320.236449744771,320.236505786121,2.24335757610994
29865,t1,Neomycin+D-Scour,3.60903939372456,0.951357594494537,353.25976509306,353.260173519273,2.12120486499759
29667,t0,Neomycin+D-Scour,3.55631508880914,0.936215053824268,351.070354396364,351.070650851709,2.1143547064545
14209,t6,ColiGuard,3.57157924828875,1.00493984506332,291.241507997629,291.241254640044,2.26712735074306
29796,t3,Neomycin,3.65909023805426,1.00254089271357,316.186436835497,316.186449660009,2.23999123312095
29781,t0,Neomycin,3.39064608866138,0.989204833466314,259.409299364438,259.409695724555,2.33267280005433
14186,t3,Neomycin+ColiGuard,3.45373099986703,0.973797162905096,315.810778446391,315.810787262332,2.22594545720138
14188,t8,ColiGuard,3.37240704314367,0.932632389108776,302.674852840246,302.674721485483,2.15167160844169
14263,t0,Neomycin+ColiGuard,3.36445966258658,0.921249031079872,310.213454731653,310.21361599329,2.12611590252557
14295,t2,Neomycin+D-Scour,3.44049040254436,0.876504930359259,354.032721179399,354.033137853664,2.00023974968772
29643,t2,Neomycin+ColiGuard,3.42350639027182,0.93064812554811,315.449834786813,315.449839751199,2.08480014254108
14209,t3,ColiGuard,3.38048311428551,0.99647662655063,286.706774586282,286.70647283951,2.29732621543472
29781,t8,Neomycin,3.38215551957561,0.91421128883501,306.846911447364,306.846824611762,2.08926478841507
29704,t8,ColiGuard,3.25594524470338,0.916500549311518,280.925617026752,280.925253590461,2.09880127200191
29694,t2,Neomycin,3.47132158400645,0.884593591255999,360.439687529998,360.440172571655,2.01499093965538
29652,t0,Neomycin+D-Scour,3.57965025483239,0.978059827463256,294.079191047218,294.079315982348,2.20970211943577
14159,t2,D-Scour,3.42928615363191,0.969525422475616,315.786542421287,315.786550978611,2.2083993989166
29781,t2,Neomycin,3.64328470826593,0.999544431785998,330.847500878517,330.847670148165,2.26630585590224
14306,t1,ColiGuard,3.50809716976393,0.986524987416482,289.294835838416,289.294561708301,2.26126973535638
14308,t7,ColiGuard,3.29385598638316,0.971600650028727,298.537417126134,298.537241621663,2.30290702277721
29961,t7,Neomycin+D-Scour,3.20116313981205,0.964403792979477,278.303798453938,278.303407040772,2.33332911976257
14320,t6,Neomycin+D-Scour,3.38055243678458,0.954576114580131,279.693042035769,279.692665446929,2.16824437392594
29796,t8,Neomycin,3.26186365306162,0.882244579921709,311.454352934021,311.45431526346,2.01679465658847
29654,t8,Control,3.35757202834234,0.943366140217173,284.02090366141,284.020573254272,2.14816239678474
14161,t2,Control,3.55291416541372,0.910092046863451,346.735080906244,346.735419708922,2.04891331900595
29875,t7,D-Scour,3.39487619815525,0.916431880415262,314.573010021458,314.573005629432,2.07986224420445
29793,t2,Neomycin,3.53223873006562,0.899830059990376,344.784080885405,344.784398869372,2.01894661589974
29652,t7,Neomycin+D-Scour,3.38045711834836,0.978635198777732,285.918238198091,285.917928037012,2.24798294923539
29665,t3,Control,3.46972716652781,0.952796965904387,326.706602875104,326.706727958099,2.17345908030676
29652,t3,Neomycin+D-Scour,3.59216803051301,0.94059530566302,332.269636208702,332.269820653658,2.11304349233994
14188,t9,ColiGuard,3.4444071237419,0.967309289914602,308.578921669945,308.578853316261,2.21912347830592
29948,t9,Control,3.49392071870379,0.99094298367695,310.03135203151,310.031299176405,2.27211882483018
29705,t8,Control,3.26526045551613,0.972399706276078,276.099185741837,276.098770803711,2.27740496554498
14159,t7,D-Scour,3.2981539813256,0.915198515694182,325.464506588545,325.464618417392,2.16578881869525
29753,t7,Neomycin,3.48195392230156,0.922062729908317,323.840692906605,323.840787408076,2.0849340819173
29668,t6,Neomycin,3.32254683568642,0.9294254624732,324.416298502815,324.416399146453,2.18815669452393
29847,t0,Neomycin,3.5574665398346,1.02346209256345,285.226778507048,285.226981091078,2.3465843047777
14322,t1,Control,3.35232951435005,0.908582222949649,295.517435283762,295.517227553699,2.05609246957133
29951,t8,Neomycin+D-Scour,3.32756405155673,0.937336654404289,311.965906178172,311.965873966288,2.182343725596
29949,t2,Neomycin,3.4245982196322,0.917101625104727,333.889987601342,333.890189336727,2.09941739313252
29704,t9,ColiGuard,3.32708745937561,0.910507627456382,289.372737347677,289.372464048833,2.04794895549717
14288,t9,ColiGuard,3.26011325996006,0.908049816052697,291.012996903795,291.012741107816,2.10400704909098
29702,t6,Neomycin+ColiGuard,3.29122173141844,0.909622958039671,308.47332184628,308.473252365762,2.09141674772633
29951,t3,Neomycin+D-Scour,3.34133323293482,0.886116792227513,331.159106915563,331.159279510294,2.04115376447696
29753,t0,Neomycin,3.34187280854753,0.936588693313618,286.544022489199,286.543702935722,2.1950590103118
14190,t0,Neomycin,3.34814525392459,0.875159094377848,328.874157910701,328.87421051971,2.00113327311789
14186,t2,Neomycin+ColiGuard,3.52991642634672,0.944568291803591,326.91866809476,326.918795440659,2.12955375278195
29846,t2,D-Scour,3.55047921263383,0.93515084317409,320.506508310211,320.506567233299,2.09017557617336
29797,t0,Neomycin,3.48878984012165,0.977310179800672,237.276990434883,237.27683668911,2.20279597022294
29743,t0,Neomycin,3.61517226748836,0.972718020601777,329.793813532884,329.793723274266,2.19641151487713
29645,t2,Neomycin+ColiGuard,3.55252422635644,0.928347271621584,353.000093395521,353.000499050832,2.09423840391869
29667,t9,Neomycin+D-Scour,3.42868824707742,0.935870528879015,310.823350709003,310.823306305149,2.12558914724585
29864,t8,D-Scour,3.38680012701341,0.934619328080985,316.726553966377,316.726572554366,2.14466211441953
14208,t1,Neomycin,3.47349657741482,0.909430328408613,340.8673661142,340.867642303726,2.06816487201459
29934,t8,Neomycin+D-Scour,3.34497266413608,0.855766031885865,341.3702636351,341.37054519094,1.96037939132474
29931,t3,Neomycin+D-Scour,3.34934864688998,0.95083767285145,323.227002128089,323.227090080995,2.24180387934579
29700,t1,ColiGuard,1.82490356574362,0.747489451350486,49.0211074823209,49.0725673730586,1.81488551158318
14188,t7,ColiGuard,3.37029270692198,0.938322097655767,306.097325813803,306.09723097953,2.16917302026773
14287,t2,Neomycin+D-Scour,3.59355448049445,0.916108155618623,347.850803633334,347.851154341655,2.04497550134509
29924,t9,ColiGuard,3.32826594185983,0.953076100508651,297.880447731362,297.880265216509,2.26764524966444
29654,t1,Control,3.4089400001544,0.910725227595169,311.429251336592,311.429213398177,2.10197117057244
29652,t6,Neomycin+D-Scour,3.40132319056891,0.99404200204698,289.202219599627,289.201944481224,2.28817369139304
14194,t2,Neomycin+D-Scour,3.56087758749457,0.946408083140964,327.335873955472,327.336005753287,2.10432403894803
29742,t9,D-Scour,3.32745140249574,0.923887360580283,327.501198269572,327.501331831527,2.15750243595312
29704,t1,ColiGuard,3.55018459201278,0.924494679000425,350.89848379011,350.898867019586,2.09462236346386
29934,t0,Neomycin+D-Scour,3.11642256896864,0.892880111571922,232.353021364967,232.353194614272,2.06837144131373
14276,t8,D-Scour,3.45450221266921,0.894726266571188,349.044427869686,349.044791314921,2.03897501729045
14186,t1,Neomycin+ColiGuard,3.37913132555361,0.943052225262857,319.389920010796,319.389967019005,2.14345666003355
29653,t2,Neomycin,3.1631310837589,0.825363546921062,302.62984307934,302.629711244287,1.89678497549564
29745,t2,Neomycin+ColiGuard,3.48014287201331,0.887875429414765,367.786665425685,367.787228865401,2.00259708270919
14162,t2,ColiGuard,3.40741490517482,0.907418418928674,343.383584863348,343.383887902916,2.05362798504889
14320,t0,Neomycin+D-Scour,3.216905155355,0.895554738483314,295.180052700377,295.180151627523,2.11959866451289
29875,t3,D-Scour,3.49295886902917,0.946595361948937,344.20934086152,344.209652712557,2.14759985140461
29694,t9,Neomycin,3.44903440055493,0.896270870835041,346.259016127424,346.259349850115,2.03080471534105
29705,t1,Control,3.44552494903943,0.947523729754175,313.357746476978,313.357729117129,2.19558586525825
14209,t2,ColiGuard,2.85438600351877,0.96534107882319,62.7202869675961,62.7175951080504,2.22492751794211
29715,t7,Neomycin+ColiGuard,3.35492910806524,0.943940461894957,304.771269011707,304.77116002736,2.18948715899438
29666,t2,Control,3.54638918518861,0.920812420914136,351.231729135285,351.232115920752,2.06758446805098
29752,t7,D-Scour,3.31924535166813,0.920170322143943,328.043046545102,328.043185889007,2.11389177505599
14308,t3,ColiGuard,3.30870833180925,0.944606639369033,304.417249930729,304.41713716872,2.22138258911816
29961,t3,Neomycin+D-Scour,3.54675312830873,0.919661993950873,355.643551276463,355.643985139558,2.07074543732976
29875,t1,D-Scour,3.57463810356028,0.912395576201519,360.948644057173,360.949134529799,2.04098410793375
29665,t9,Control,3.39687788531594,0.963499503878122,305.837654116265,305.83755651109,2.29347769069134
14265,t6,Neomycin,3.46744818937083,0.938588747006166,332.097387316002,332.097569922926,2.14659977072884
29875,t9,D-Scour,3.55978575813419,0.958760458232557,318.287180868583,318.287216109693,2.15745778949438
29961,t6,Neomycin+D-Scour,3.34223442542275,0.952029122791697,318.47414449081,318.474181726971,2.23551765795521
29654,t6,Control,3.275910124436,0.910793896491426,286.245424536989,286.245117867247,2.0886754551597
14184,t6,Control,3.51142464971937,0.93446147879998,318.019719020118,318.0197514072,2.12017799644657
29633,t2,Neomycin,3.52560110077951,0.911254067276731,349.080781907341,349.081145740502,2.08037121383408
29705,t7,Control,3.43368813232296,0.993747706777308,290.656381105842,290.656121504491,2.28720039859251
14263,t7,Neomycin+ColiGuard,3.44443393311585,0.928517029127167,351.209961075329,351.209395698865,2.11868830322951
29900,t0,Neomycin+ColiGuard,3.46283715778405,0.971410701910451,269.116160600718,269.116995728807,2.21543088868863
29702,t0,Neomycin+ColiGuard,3.54719687146733,1.12873846125794,256.236339813997,256.237394669368,2.6661225180833
29668,t9,Neomycin,3.08778445051425,0.928069062715042,251.994475927592,251.99560314835,2.26746305884594
14265,t2,Neomycin,3.73460721889529,1.02613282114724,325.26231757274,325.262194858117,2.32077057226755
29961,t0,Neomycin+D-Scour,3.15811205340665,0.885510475918607,300.345870280328,300.346172635535,2.12223907908049
14159,t0,D-Scour,3.11625701394443,0.897890880987057,272.166970349167,272.167753431025,2.18374915997179
14159,t1,D-Scour,3.71094195268051,1.01352043347251,310.387649968952,310.387781013316,2.25608589591258
14186,t8,Neomycin+ColiGuard,3.30552346068335,0.898815256123189,313.853865177615,313.85393708901,2.0653624395451
29666,t4,Control,3.3480095739113,0.954896384574547,301.998486040742,301.998760202641,2.18985979748277
14276,t3,D-Scour,3.75624933686113,1.04788230151374,336.704542769508,336.704224852709,2.36948134485883
14260,t0,Neomycin+ColiGuard,3.23628167588787,0.896400326080044,298.42644938693,298.426784487092,2.08024450267245
29667,t2,Neomycin+D-Scour,3.45940337405877,0.907207515772576,344.397986983864,344.397537818377,2.06284845354209
29702,t8,Neomycin+ColiGuard,3.36363793010961,0.899007241728386,310.57340037799,310.573528253488,2.01316511702263
14186,t0,Neomycin+ColiGuard,3.28268415866195,0.910870352249501,313.617455566111,313.617531510609,2.1536180284612
29781,t9,Neomycin,3.28729656544969,0.919955004428741,276.250102067849,276.250815492259,2.11191705625789
29668,t7,Neomycin,3.13688755778578,1.00084582824054,242.378233539674,242.379524811691,2.39862156217846
29668,t3,Neomycin,3.51443671862883,0.942470649571536,354.983508778946,354.982879026479,2.15654489537712
14162,t4,ColiGuard,3.41023530331135,0.929769379672178,357.166357525162,357.165690533712,2.10526508599443
29715,t9,Neomycin+ColiGuard,3.2673713393465,0.859827068290066,315.040416275351,315.040467944411,1.96815192238469
14184,t0,Control,3.23134445172071,0.871569298985686,331.709545406456,331.709312703358,2.04018587898935
29951,t1,Neomycin+D-Scour,3.64424302394105,0.984055976008293,354.56022299835,354.559600467057,2.23271683624222
14265,t7,Neomycin,3.45996948434861,0.928035287469683,338.34927820954,338.348932233868,2.08683224701612
29865,t7,Neomycin+D-Scour,3.55561428184255,0.944889134903667,339.399612340648,339.399248446477,2.09918197387765
29754,t0,Neomycin+D-Scour,3.41360132485735,0.96396649941066,303.065989562527,303.066112588216,2.29325401438205
29692,t0,ColiGuard,3.52214881126588,0.964586324703504,314.674544257548,314.674602168315,2.20854954014023
14320,t9,Neomycin+D-Scour,3.38974396691831,0.925315491396063,339.014602401914,339.014245075939,2.1092837935467
14188,t3,ColiGuard,3.39869036559716,0.932184309715324,343.715776390669,343.715338863563,2.12316576735167
29665,t1,Control,3.56115473828577,0.991362094872724,340.544510316358,340.544126890446,2.23584555604889
14208,t0,Neomycin,3.40082487980476,0.930190681416915,257.449909153048,257.450943305158,2.10347593537185
29742,t1,D-Scour,3.63805293273898,1.04700236748993,329.312802249833,329.312610434715,2.40056669003481
14159,t8,D-Scour,3.20221297303514,0.903938427550754,328.596818854994,328.596639254416,2.15648066945733
14205,t2,D-Scour,3.69644581706189,0.984864804252409,367.082052087651,367.081215936346,2.20152138948946
14265,t4,Neomycin,3.36970737485646,0.945771735394224,320.125474442786,320.125439361725,2.182877522489
29752,t9,D-Scour,3.39620319252047,0.870987120414372,344.695187638326,344.694733402652,1.98093288042192
29753,t1,Neomycin,3.19660755311603,0.864151188518224,295.337363796618,295.33775159599,2.01538549882092
29691,t2,Neomycin+D-Scour,3.48524027646738,0.895491949744344,356.538183414596,356.537527139676,2.00273299262326
29796,t0,Neomycin,3.50735133760931,0.993633086218053,286.250749288712,286.251056479513,2.30558071741301
29961,t9,Neomycin+D-Scour,3.2481885529677,0.911436532020382,296.883032351829,296.88339378239,2.12560635230351
29702,t3,Neomycin+ColiGuard,3.59646702767685,0.936267559114739,349.098035212565,349.097505865152,2.06934444657178
29914,t2,D-Scour,3.63237326884744,0.974766005890162,313.886512219203,313.886583573646,2.16085720713411
29742,t2,D-Scour,3.75419834712251,1.04954439911429,334.851541719343,334.851255414388,2.372206358884
14322,t6,Control,3.38309913138506,0.886361967630544,333.905903273329,333.905633100785,1.98280460722709
29694,t3,Neomycin,3.35544325165171,0.862235776577488,350.533379282407,350.532825448299,1.9569307366851
14295,t0,Neomycin+D-Scour,3.42294030309489,0.921654432563631,289.816636487984,289.817118469909,2.0937869966157
14265,t1,Neomycin,3.54668644415682,0.936067574109326,353.21043669267,353.209837188474,2.12528522270458
14261,t9,Neomycin+ColiGuard,3.27416466282463,0.891917995492048,302.595138869775,302.59540285289,2.04734248147969
29865,t3,Neomycin+D-Scour,3.60555263380402,0.968186943623189,354.956490537632,354.955861246091,2.169940587218
29753,t8,Neomycin,3.40260673514329,0.882203168340194,336.895921978821,336.895600797129,1.99078697154323
14308,t1,ColiGuard,3.13358370101227,0.894044947127398,260.188883366324,260.189870792057,2.23178097283963
14271,t0,Control,3.10571436985815,0.883758607271186,259.582098696799,259.583096474162,2.06167403672316
29652,t2,Neomycin+D-Scour,3.32051146261938,0.879526924556642,321.828749405665,321.828685267059,2.0197620364977
14288,t2,ColiGuard,3.46060983861089,0.881738314305389,346.457002124054,346.456517832162,1.99988870188992
29668,t1,Neomycin,3.4973327634783,0.986126931842128,307.19274293349,307.192928482359,2.25281954913494
29694,t4,Neomycin,3.47018731105546,0.889038211414097,358.166032453805,358.165348408092,2.00288896985702
14263,t4,Neomycin+ColiGuard,3.44613226398538,0.919284832455045,353.917414007071,353.916802441977,2.08844707014214
14262,t3,D-Scour,3.06593816162421,0.855534056840528,260.200140966872,260.201128200553,1.99028233931635
14159,t9,D-Scour,3.11251697383283,0.897288259504079,301.774459789841,301.774737773585,2.17867531230877
29846,t8,D-Scour,3.25873119705397,0.917177434909112,310.672467262811,310.672593448247,2.14344280774096
14171,t0,Neomycin+ColiGuard,3.28835454205694,0.941843141065661,246.266608768879,246.267833705957,2.21181588691787
14322,t7,Control,3.3773823455073,0.885137170575169,344.960867011254,344.96040824314,2.0029715460396
14171,t2,Neomycin+ColiGuard,3.44815541223433,0.938075423563675,333.070589312683,333.070333390436,2.15726055562615
14174,t0,Neomycin+D-Scour,3.03088082772524,0.874218885882864,260.367456249659,260.367951831729,2.08554295928847
14298,t0,Neomycin+D-Scour,3.42987728521713,0.983843620106295,284.617608472655,284.61800737461,2.25338940434442
29631,t0,Control,3.25579856014265,0.843281642175542,327.39450711649,327.394348027121,1.91164228810523
14192,t0,Neomycin,3.3513482848983,0.869952571058648,346.654072552214,346.653514407794,1.98157830039477
29948,t7,Control,2.97372714785555,0.876061406618392,271.998106340951,271.998892303596,2.26113221818141
29864,t9,D-Scour,3.25263391081745,0.895867921554521,290.596788205946,290.597256878631,2.04507622402442
14184,t8,Control,3.37999944553576,0.90444861152012,313.636593487042,313.636669105051,2.05166396836809
29665,t7,Control,3.21471380189447,0.936531539321885,282.833546868193,282.834147980293,2.19008917576772
29694,t7,Neomycin,3.39381810490588,0.894074278261526,346.45137332378,346.450889127914,2.02526711533642
29875,t2,D-Scour,3.45873780129325,0.865796740715221,355.119887067517,355.119178716271,1.96033572131568
14320,t3,Neomycin+D-Scour,3.52587029038436,0.922594806500196,322.243029105824,322.242957899685,2.07951966729201
14288,t3,ColiGuard,3.55909446805061,0.965922224539664,336.249735707378,336.2494255495,2.18523553125825
14205,t0,D-Scour,3.29365370558974,0.899244557268143,291.509779610371,291.510232707598,2.10559539072476
14209,t1,ColiGuard,3.56685296317043,0.925432815932572,348.979830406813,348.979303075952,2.04060793503366
14265,t3,Neomycin,3.27984432671618,0.898457060757938,322.751872650584,322.751792763671,2.09878744322754
14260,t7,Neomycin+ColiGuard,3.36675617695203,0.944709592809918,324.842409072307,324.842293521243,2.17752842088404
29700,t7,ColiGuard,3.21371150826655,0.925130616368836,293.708388997354,293.708804586724,2.22693650346156
14322,t4,Control,3.33976849297063,0.938667379179699,320.095078921307,320.095044358788,2.23402888003211
14209,t9,ColiGuard,3.33622334328669,0.875338794132165,330.269698296394,330.269490156813,1.99237426927507
14322,t0,Control,3.08868465868007,0.853036466328478,271.285500226276,271.286298345845,1.98440108009032
14207,t0,Neomycin,3.47126384865582,0.931206605244414,323.89114182602,323.891042503393,2.13188214217965
29666,t1,Control,3.49297093009754,0.937689674708789,328.774688943649,328.774506308641,2.10487055534432
29924,t8,ColiGuard,3.47435425400858,0.919071515115937,335.532626552484,335.532328628352,2.09655788629786
29847,t3,Neomycin,3.31129592954045,0.954758617126373,294.989503939692,294.989897673486,2.25760896772463
14171,t4,Neomycin+ColiGuard,3.36555737938217,0.934943747853991,289.352703888875,289.352886654757,2.13928793184866
29665,t4,Control,3.60719846013442,0.932968660152755,369.816989003843,369.816750633791,2.07301668681003
14187,t1,Control,3.71401238742566,0.949310788160128,342.589262058603,342.589166193691,2.09051512495965
29704,t7,ColiGuard,3.25671807423482,0.885865458491287,268.723639248044,268.723929982828,2.02491587653516
29778,t2,D-Scour,3.56944541689664,0.920645616362079,356.447988941397,356.447820542342,2.05970054337731
29901,t2,ColiGuard,3.56850924224315,0.915866745349574,346.844102643495,346.843984509495,2.05344920645372
14284,t0,ColiGuard,3.33817373540963,0.938109830984778,299.954704045294,299.954765404751,2.18935749468777
14208,t3,Neomycin,2.40313382887899,0.867671741696485,39.5369086560171,39.5383989138944,2.01592350079076
29948,t1,Control,3.52594930222688,0.944338614499925,318.21225119859,318.212282918671,2.13883698675233
29847,t9,Neomycin,3.24498888602814,0.86459500788731,313.38997806171,313.390035020722,1.97738095814588
29742,t3,D-Scour,3.78886135130791,1.06047144454148,346.129390623396,346.129276230072,2.37083497572145
29702,t7,Neomycin+ColiGuard,3.39424573150396,0.886591238339816,326.024387893637,326.024378726367,2.01369530149126
29753,t3,Neomycin,3.54111713194926,0.887372503207591,359.761325196397,359.761139455923,1.96471028514516
29694,t0,Neomycin,3.39853089008222,0.889653431242309,344.685353019749,344.685437380183,2.04744312397209
29700,t8,ColiGuard,3.43877703930017,0.917107998925294,340.402658912407,340.402574491791,2.08655388176055
29631,t2,Control,3.67040825260358,0.942591731313331,359.130643793073,359.130461353474,2.09590878199415
29653,t0,Neomycin,3.0148011280122,0.85140541783377,265.65742010457,265.657901797226,2.02668332675027
14297,t0,Neomycin+ColiGuard,3.25440464263918,0.89428754746108,305.103474981641,305.103575310754,2.10006455052893
14317,t9,D-Scour,3.2473653293793,0.923495935495943,299.102966099868,299.103097834591,2.17007598724886
29666,t7,Control,3.35536747834612,0.919658519971294,304.365270531045,304.365374723791,2.11640467872524
14187,t6,Control,3.25487272996592,0.931936817778706,294.393637340374,294.393793722897,2.1790241526897
29667,t3,Neomycin+D-Scour,3.39390366768826,0.89950582402923,329.700049711293,329.700021306254,2.02011463756838
14195,t2,Neomycin+ColiGuard,3.42365421797459,0.889082694687909,325.117218654471,325.117214235166,2.01238667650584
29667,t1,Neomycin+D-Scour,3.50854905602311,0.93970114079453,345.085784576347,345.085675645075,2.13108249950765
29752,t2,D-Scour,3.71351729506084,1.00200634280982,331.398733147181,331.398695851532,2.23426050595938
14208,t2,Neomycin,3.45867551683926,0.92436612450096,334.886877642609,334.88688527502,2.11320042977826
29715,t4,Neomycin+ColiGuard,3.40831535634436,0.940960292763556,311.304573077652,311.304640951307,2.14848367498944
29652,t9,Neomycin+D-Scour,3.00200655505118,0.876550239695562,256.709068159213,256.709421776151,2.05979780604515
29864,t7,D-Scour,3.24139721596331,0.904639978148846,283.133534692482,283.133750008404,2.06436030937269
14288,t1,ColiGuard,3.60564116960506,1.02840647293509,316.534349528141,316.534390030065,2.35898661436698
14190,t4,Neomycin,3.38091424437112,0.921635397511861,323.154697153009,323.154703005196,2.10178875236782
29865,t0,Neomycin+D-Scour,3.35753158525429,0.912852307220454,313.33626061568,313.336251983639,2.11420539372935
14161,t4,Control,3.41786613814581,0.970847924824353,293.617483578977,293.617644023751,2.18651337811301
14287,t0,Neomycin+D-Scour,3.3126833837551,0.947868896293525,271.238807194944,271.23879980486,2.17744223993827
14186,t9,Neomycin+ColiGuard,3.36517030716967,0.936769383971128,290.075547904146,290.07572688679,2.13419490487837
29777,t0,Neomycin,3.50848604426759,0.942208705696598,318.75799843012,318.758027293856,2.13081723768628
14201,t2,Neomycin+D-Scour,3.47503580376411,0.878297122882156,363.723413955104,363.723207477753,1.98743438117575
29694,t1,Neomycin,3.60125735175651,0.957896647428663,335.348172135621,335.348114169301,2.14454011591176
14263,t3,Neomycin+ColiGuard,3.46296455174173,0.901405738478584,359.358339657883,359.358156026564,2.03024763914467
14288,t7,ColiGuard,3.33618489962898,0.880890600072089,309.835392616612,309.8354681797,2.00064441987992
29931,t0,Neomycin+D-Scour,3.47158816056905,1.0207907065837,265.216038663939,265.216347756888,2.35568852572129
14298,t2,Neomycin+D-Scour,3.57747491488617,0.916150434883462,332.809182531979,332.809137854286,2.0682508160861
14188,t1,ColiGuard,3.46553903203882,0.921706991085082,342.486256786427,342.486161460626,2.11848256299263
29646,t1,Neomycin+ColiGuard,3.59302981682105,0.966982766790082,339.368991970569,339.368912959984,2.17745026588291
29934,t7,Neomycin+D-Scour,3.52406795124055,0.930004686221403,342.358855528735,342.35876086973,2.10630704539181
29646,t3,Neomycin+ColiGuard,3.55250425634025,0.913974885177207,353.075921610155,353.075770859908,2.0356678223613
29715,t3,Neomycin+ColiGuard,3.44424105867197,0.888161822352353,341.61974752312,341.619656732477,1.9817135678949
29961,t1,Neomycin+D-Scour,3.39393067272634,0.937309020529282,317.830950980534,317.830984696274,2.15825415207652
29652,t8,Neomycin+D-Scour,3.18298531859327,0.90256286960577,267.803820238611,267.804115787566,2.08045285986906
14261,t3,Neomycin+ColiGuard,3.36030039863566,0.883791929626872,337.33328251256,337.333214156522,2.03207794571211
14288,t8,ColiGuard,3.29589338281155,0.8976336520895,305.218226469065,305.21832619759,2.06366178657642
29949,t0,Neomycin,3.5487595577263,1.035055726048,267.92399305615,267.924287976142,2.33056823123767
29793,t0,Neomycin,3.49321019439288,0.98439879839577,292.947949309831,292.948113258831,2.24292572545743
29645,t4,Neomycin+ColiGuard,3.42957732299378,0.919158259878412,340.079186215573,340.079103487957,2.09237195770923
14184,t7,Control,3.29890894539731,0.890269358164048,296.139305637255,296.139452883256,2.04517303762702
29781,t3,Neomycin,3.50478635405044,0.919979796131124,337.659465874451,337.659395811227,2.0540062562786
29654,t7,Control,3.12830911815782,0.899151435841786,269.814230156085,269.814515182908,2.11930487463887
29645,t0,Neomycin+ColiGuard,3.4948925771412,0.961161930690971,291.774879756789,291.774941306071,2.19625711661609
14187,t4,Control,3.46899567691324,0.926161901178762,335.625563526481,335.625504108344,2.09898581912203
14276,t2,D-Scour,3.50186980993765,0.935730382239757,320.198265130549,320.198286456182,2.0958026772656
14187,t7,Control,3.2782140845476,0.8880678557875,301.295894131198,301.296014388521,2.05130058570064
14320,t1,Neomycin+D-Scour,3.42272704500046,0.938232577623833,283.953962649815,283.954173671762,2.11636046842168
14208,t9,Neomycin,3.39833249393361,0.892695485376577,336.552610976067,336.552546705926,2.01980516544345
29643,t9,Neomycin+ColiGuard,3.41981950256703,0.885962109815136,334.540393948555,334.540340210005,2.01683423304412
29765,t2,D-Scour,3.25992267208714,0.831942968980514,345.910730308776,345.910617059882,1.89846556628867
14260,t9,Neomycin+ColiGuard,3.19935037167059,0.875375210175071,288.001889135336,288.002078971146,2.0163832879478
14260,t8,Neomycin+ColiGuard,3.26089485345807,0.930213202503409,283.496763810156,283.496977225001,2.15843983535148
29781,t7,Neomycin,3.27775499890022,0.96006056317927,287.236578034167,287.236771875481,2.24465876935704
14308,t9,ColiGuard,3.33642794497171,0.931865224205485,309.318559145693,309.318637413796,2.14935019693924
14317,t2,D-Scour,3.56416757138067,0.926142973801455,345.961221110309,345.961260557432,2.07519411986009
14260,t3,Neomycin+ColiGuard,3.40763122871297,0.875162219294739,340.325856735784,340.325772717138,2.00054715721208
29752,t8,D-Scour,3.19746902068426,0.850945693152714,316.425019370831,316.42506044497,1.9511465640125
14184,t1,Control,3.41895534134843,0.887819068120557,351.41338037503,351.413238326233,2.0348720368972
14263,t8,Neomycin+ColiGuard,3.53377176159113,0.886444471514713,374.886836215954,374.886571311211,1.98301335081961
29924,t3,ColiGuard,3.65219785525737,0.954716102938318,354.455650124304,354.455492152801,2.13901382796657
29781,t1,Neomycin,3.57795200389227,1.19919294185394,294.458693301749,294.45884934378,3.0610020246194
29643,t3,Neomycin+ColiGuard,3.52600331230305,0.934627841212153,323.267641530395,323.267646791451,2.08994923307407
29743,t2,Neomycin,3.6715874725998,1.11787159187146,347.338347238937,347.338226518147,2.67906037009124
29865,t9,Neomycin+D-Scour,3.17292144106828,0.889795050741458,309.7685295452,309.768605458237,2.10320348208179
29924,t1,ColiGuard,3.52043127277892,0.9592971967048,320.987972217233,320.987989409678,2.17890920590044
29796,t7,Neomycin,3.32920859812462,0.920226793958736,296.602829362048,296.602974182047,2.10102833514657
29654,t9,Control,3.2142841577296,0.869460686107346,287.389278832393,287.389471874498,1.96276503178846
14186,t7,Neomycin+ColiGuard,3.38522604878478,0.936000647978667,295.077628489825,295.077781292458,2.13371743359991
14320,t8,Neomycin+D-Scour,3.36603446838827,0.941305731754347,292.577491752005,292.577657639914,2.18613316950238
29931,t9,Neomycin+D-Scour,3.26526966962726,0.92397829719552,292.045297845761,292.04546651908,2.13964161427715
14188,t4,ColiGuard,3.49343523637689,0.913272373239975,339.543378089253,339.543298165962,2.04484588138066
14265,t9,Neomycin,3.44017229960104,0.940631857246404,300.586603441213,300.586727410839,2.13548584574237
29703,t0,Neomycin+D-Scour,3.49570365957573,0.938209309712536,332.048389205906,332.048348510071,2.13657341920998
29934,t4,Neomycin+D-Scour,3.30793762979585,0.934253764792073,340.58788769132,340.58780230125,2.21591322998138
14184,t9,Control,3.29508164208318,0.869904864384822,307.958888471179,307.958797361307,1.94813270304971
14160,t0,Control,3.43864528045649,0.978762727519929,266.281693561424,266.281502290486,2.22180573262495
29864,t0,D-Scour,3.46906715851131,1.00367947768134,284.977746826845,284.977999287181,2.32574238112773
29900,t2,Neomycin+ColiGuard,3.39592505075302,0.868968890846182,345.774744465212,345.774088004772,1.96877609172437
29668,t0,Neomycin,3.61376025399692,0.978523128223306,330.425423687899,330.424996701234,2.24736951598497
29913,t2,Control,3.38240547185648,0.89137913790147,316.774783072884,316.774560164567,2.06365628197908
29754,t2,Neomycin+D-Scour,3.51344063018199,0.87934977153158,375.925253010075,375.924145796725,1.96369833511835
29715,t2,Neomycin+ColiGuard,3.4966202184262,0.909127833771167,341.846280505911,341.845682776373,2.03807362096947
29764,t0,Control,3.30146588767321,0.945179299865625,279.011079539973,279.011421202541,2.22912652134224
14174,t2,Neomycin+D-Scour,3.20645329153916,0.8483179443464,320.398846952976,320.398569864567,1.94860354957136
29924,t2,ColiGuard,3.43662214570622,0.871689808050974,383.959392862903,383.958165538414,1.97992407554577
14322,t2,Control,3.40026357058898,0.921700284591559,324.026103840893,324.025772524655,2.10525695700951
14162,t0,ColiGuard,3.40394983003957,0.957606134450554,300.477671139851,300.477691874876,2.25800049186103
14231,t0,ColiGuard,3.5382660557581,0.969510032743346,346.555967046119,346.555298906329,2.22461193410525
14307,t2,ColiGuard,3.20805429430322,0.833249869364763,335.940280367693,335.939770933407,1.904002382001
14193,t0,Neomycin+D-Scour,3.3996189401554,0.885322150951561,343.140163155063,343.139830118607,2.03513315247137
29924,t0,ColiGuard,3.24891939571931,0.899170064411455,305.828087916716,305.828028662512,2.13083038573439
29912,t2,Control,3.29783892462129,0.983123777021109,245.16413227101,245.164979948592,2.25702648582115
14188,t0,ColiGuard,3.47672627667273,0.908974890932661,351.176249367259,351.175512153818,2.07729236653744
14187,t9,Control,3.19937725463132,0.89171524581603,291.343540091701,291.343697382835,2.05327919393332
29707,t0,Control,3.27425872341723,0.909008776471731,294.553577290631,294.55368659141,2.11989936060433
29863,t2,ColiGuard,3.43048496844397,0.903393851065275,335.416627084578,335.416125478958,2.04712126001292
14231,t2,ColiGuard,3.01095306512727,0.893183313900608,281.78899634674,281.789296479193,2.25149634726295
29705,t3,Control,3.52988549807954,0.866268121799756,401.878020602491,401.876525392848,1.91799852566415
14317,t0,D-Scour,3.20037541067558,0.878221474663084,311.328576061303,311.328434574288,2.05734139921814
29704,t2,ColiGuard,3.5482278507345,0.909854083297723,357.15888169325,357.158055038899,2.03185106105591
14194,t0,Neomycin+D-Scour,3.55958311107963,0.91852237052201,332.201268205941,332.200814670235,2.09282106946713
14262,t0,D-Scour,3.38403612281988,0.939285047718186,297.192066089089,297.192135944215,2.18743352346443
29804,t0,Neomycin,3.24629058871165,0.884121221762804,313.016612864189,313.016446140867,2.04464700770308
29693,t0,Neomycin,3.55006603909324,0.960572492857259,323.027756727962,323.027440337108,2.18370368043019
14305,t0,Neomycin,3.60493497332834,1.004531195285,262.398924168319,262.399514184157,2.27434625199005
14163,t0,ColiGuard,3.1905223257634,0.926754724865287,268.614646065453,268.615143155669,2.20045104494532
29703,t2,Neomycin+D-Scour,3.45624925366568,0.920487731788077,359.317354982186,359.316496058458,2.10105626745362
29654,t2,Control,3.45667421118947,0.860872994484567,365.782131489582,365.781175916843,1.94773571480596
14288,t0,ColiGuard,3.21126618256446,0.938615579365207,276.063933318541,276.06431904122,2.23533984897106
14265,t0,Neomycin,3.41356149277348,0.943936807119281,319.485777358895,319.485810189948,2.19517136286204
29864,t3,D-Scour,3.51250177053639,0.937469881814484,338.842724479591,338.842171653495,2.09578463286809
14315,t0,Control,3.26232038181852,0.889220537480166,318.37235132076,318.372104528649,2.08450278091799
14261,t0,Neomycin+ColiGuard,3.31445179898174,0.901098792662311,304.237970020429,304.237934538635,2.09415051846943
14307,t0,ColiGuard,3.62912790398532,1.08334712751132,214.85929501466,214.86059575238,2.44301086187263
14308,t0,ColiGuard,3.5706418894314,1.0414023250948,268.883923058599,268.884416123099,2.38838343307657
29654,t0,Control,3.54230809360071,1.03854494990835,237.453018376364,237.453981335816,2.35821232655206
29846,t3,D-Scour,3.33937605188896,0.926956206448947,325.769486112726,325.769128732761,2.14053351699426
29962,t2,Control,3.46871138011929,0.922924743124984,330.819760154147,330.819327272115,2.10780506759726
29643,t1,Neomycin+ColiGuard,3.6809727218883,0.97826898668028,349.998029480251,349.997309881307,2.20723677422791
29961,t2,Neomycin+D-Scour,3.39842538223023,0.856173894458384,362.433730618283,362.432825104449,1.94359965124324
29646,t0,Neomycin+ColiGuard,3.32386016090389,0.900272718169304,303.050171109949,303.05015338586,2.06635210912264
14233,t2,D-Scour,3.53676388032515,0.938164993278112,350.066146980494,350.065426363186,2.1266296961785
14195,t0,Neomycin+ColiGuard,3.3958163406888,0.882138459814513,326.528357638865,326.527988913701,2.01625773213305
29846,t0,D-Scour,3.58605895308536,0.987745947715348,315.131448379532,315.131250039222,2.28014412680566
29644,t0,D-Scour,3.32125111936245,0.8846414105788,314.698263651427,314.698071787269,2.02738263524261
14183,t0,ColiGuard,3.14979558261087,0.869943329050793,285.188485343221,285.188734652996,1.99150597674987
29707,t2,Control,3.40073794177833,0.891376390425329,329.78309694733,329.78267956351,2.02070769337687
14169,t0,Control,3.42774745137208,0.995610140255755,253.634117691796,253.634838742307,2.26416304192379
29914,t0,D-Scour,3.62571836106185,1.10140720401031,268.356012431719,268.356513388533,2.56686196163589
14201,t0,Neomycin+D-Scour,3.41586840617205,0.910654514680082,305.590741001808,305.590685295962,2.07623065379254
29939,t0,Control,3.53707024505161,1.00814870553708,273.089114362636,273.089544559135,2.26522475466869
14184,t3,Control,3.44207741438377,0.915392995197616,331.396630234326,331.396188728032,2.03920919199227
14273,t2,D-Scour,3.29581296433343,0.912596064486262,302.001800207779,302.001798156932,2.13059034633119
29633,t0,Neomycin,3.42894326207858,0.888523594365778,343.369345237897,343.368724738399,2.01787338196224
14187,t0,Control,3.11303181543606,0.831130649434811,307.528896750898,307.528812069443,1.92898494450263
14320,t7,Neomycin+D-Scour,3.36028791515292,0.921602291275869,322.39873418666,322.398427199751,2.11880995100522
29934,t3,Neomycin+D-Scour,3.65277728432116,0.949865578336484,358.018865133812,358.018025622628,2.12228129006679
14200,t0,Control,3.36994334540286,1.02016433452626,231.806716207821,231.807763580016,2.39873282426812
14284,t2,ColiGuard,3.40769538588883,0.86313141987232,367.454203253348,367.453222682981,1.96964392648976
29702,t1,Neomycin+ColiGuard,3.48098573464379,0.931611346856876,306.266594324528,306.266528514611,2.13309229549525
14322,t3,Control,3.30776118866524,0.929089163759604,317.692240654276,317.692004029883,2.17566236042319
29700,t3,ColiGuard,3.36603966582382,0.943528066704993,318.162677140326,318.162433482864,2.13296304350892
29948,t0,Control,3.57567220058516,0.980674859954258,320.670252618005,320.669971472056,2.22451961125787
29742,t7,D-Scour,3.38205957619757,0.908446459688243,315.631686271938,315.631480453025,2.08404116668108
29666,t0,Control,3.42013774687622,0.957200423807093,308.724146012966,308.724043462423,2.22922807647436
29691,t0,Neomycin+D-Scour,3.27135319988244,0.84155091061156,337.874178773017,337.87364042677,1.91888482499902
29715,t0,Neomycin+ColiGuard,3.2541473615353,0.894917887170846,284.155015144228,284.15527990448,2.09676325505035
14182,t0,Control,3.55660840841306,0.946188539434686,321.054477892811,321.054191002658,2.14553741532237
29875,t0,D-Scour,3.42756956217608,0.888901830247831,337.237705880125,337.237177049207,2.03936614083282
29948,t3,Control,3.45792931829464,0.886645236510837,323.241688252162,323.241368663011,1.99507887094357
29704,t0,ColiGuard,3.43671109030422,0.93607965888723,332.00223738492,332.001786824743,2.15183383351384
29700,t0,ColiGuard,3.32164642868691,0.927683371800884,304.484895958808,304.484856785448,2.1233706996659
29665,t0,Control,3.48616428679422,0.943403514453275,344.076064302913,344.0754332379,2.18101708557136
14306,t3,ColiGuard,3.49208532639556,0.918081569619547,347.522380792238,347.522550267131,2.06833227049506
29654,t3,Control,3.65738757970141,0.927311602413762,355.999282178163,355.999516155023,2.06231219772458
14306,t0,ColiGuard,3.28415154686927,0.934886209257791,295.80029391618,295.800069830248,2.17217039055241
29706,t0,Control,3.53272525920268,0.975768666864616,331.683547973769,331.683596928697,2.20995855003739
29647,t0,Neomycin,3.2093606843845,0.878459925903319,311.650080825419,311.649977342803,2.06163697334627
14183,t2,ColiGuard,3.44961704553686,0.894373244667747,347.582628291473,347.582798224798,2.03924067559338
29655,t0,Neomycin+ColiGuard,3.31866161634276,0.911485795153309,307.21993354398,307.219796351734,2.11624879565471
29666,t3,Control,3.02031439321243,0.885243688044762,290.699599792602,290.699336894751,2.28066999939014
14275,t2,ColiGuard,3.42351411219338,0.898262644844398,333.515228437536,333.515291329985,2.03749973563002
29702,t2,Neomycin+ColiGuard,3.44588688902092,0.881778880720728,361.057724808771,361.057997276051,1.97277581811387
14274,t0,Neomycin+ColiGuard,3.32875426083282,0.94999409806897,282.390530725975,282.390204603219,2.22430910188487
14172,t0,D-Scour,3.20230848475699,0.905436967586913,285.044159215025,285.043853284111,2.13766073015729
14317,t3,D-Scour,3.52919099712084,0.952800138238084,334.553519755528,334.553590548485,2.15563146090053
29745,t0,Neomycin+ColiGuard,3.58530659022166,0.969337381614183,325.789464704416,325.789468810413,2.1890754057106
29934,t2,Neomycin+D-Scour,3.48732672410061,0.885387109676276,346.557638369417,346.557800503445,1.99655510555727
14172,t2,D-Scour,3.47099402565774,0.908118222833692,337.544768970813,337.544862524617,2.04670068468869
29931,t2,Neomycin+D-Scour,3.37488331892871,0.900787513792408,332.478501989655,332.478556993502,2.05838287995682
14159,t3,D-Scour,3.26388463520827,0.924703273420296,309.298863485128,309.29874211176,2.2192083104969
29704,t3,ColiGuard,3.44126704528346,0.91027846051514,348.741414607936,348.741593358633,2.06585915951908
14209,t0,ColiGuard,3.40101890134453,0.895019857447115,333.703795285793,333.703859613074,2.04896227959436
29705,t2,Control,3.61815155700532,0.93101787666543,355.921821107718,355.922054495165,2.06389043301846
14187,t3,Control,3.44973947955817,0.905983104195051,343.96621346724,343.966355882742,2.05346919893875
29765,t0,D-Scour,3.47381000814789,0.983332739916499,284.20538883606,284.20507652282,2.24386620315546
29945,t0,Control,3.28762051080641,0.881178454568458,319.864084032862,319.864043051783,2.03885831962012
29948,t2,Control,3.50905468174925,0.909637519777696,337.232577383866,337.232668562159,2.03716619105761
29718,t0,Neomycin,3.46902691904868,0.913619698354395,334.190078672478,334.19014669996,2.08544066649009
29679,t0,Neomycin+ColiGuard,3.20351650043393,0.912425733529333,291.417092738042,291.416835299699,2.20166061189429
14320,t2,Neomycin+D-Scour,3.4795644071495,0.915939158355575,325.645496654295,325.645499664819,2.07143992968199
29792,t0,D-Scour,3.43674514876305,0.979880897259721,297.135910555074,297.135696632041,2.28169503880781
14286,t2,Control,3.56367657979007,0.923102947305944,342.272241573154,342.272371098979,2.06084785569933
14277,t0,Control,3.34784988702327,0.94113436858324,280.490387194895,280.490046613672,2.13365819528827
29700,t2,ColiGuard,3.36005247781392,0.863073296746146,358.093078385357,358.093328294214,1.95852288906808
14276,t0,D-Scour,3.66933714018135,1.05547301027635,275.77934572871,275.778969300492,2.39009702484386
29867,t0,Control,3.37875223400213,0.910616352155487,317.152164132215,317.152102515745,2.0945683984475
29752,t3,D-Scour,3.65030273100155,1.00055954153225,339.46721190096,339.46732008291,2.2313623493065
29705,t0,Control,3.32943581021811,0.933384738731263,301.976836240391,301.97665915266,2.14990425653509
14204,t0,Control,3.44256484590936,0.882877636270632,342.081327419732,342.081455492865,1.99392742514529
14308,t2,ColiGuard,3.27194895607862,0.848212546904525,321.370271513747,321.370241993465,1.94036504795495
29946,t0,Neomycin,2.2606684268551,0.751172012497076,81.130708033429,81.1288504956281,1.71259478116041
14263,t1,Neomycin+ColiGuard,3.42224896063984,0.932728402451453,327.005368779894,327.005382137881,2.14872464768142
29901,t0,ColiGuard,3.40832413128275,0.950484324549569,292.616565677364,292.616317365984,2.20567128199679
29912,t0,Control,3.32767276031124,0.940145002413305,286.821851659997,286.821559255801,2.19747910188885
29665,t2,Control,3.48630644058969,0.888450012315389,355.739513739902,355.739745740145,2.01081616983654
29692,t2,ColiGuard,3.34134455935762,0.887225661551447,334.812505758735,334.812578522354,2.00846508736266
29943,t0,Neomycin+ColiGuard,3.49621543404778,1.0985805289009,277.119656977933,277.119290748338,2.60251610607367
14262,t2,D-Scour,3.65968117703396,1.03299551842211,346.960592422744,346.960757622909,2.36721261308255
14163,t2,ColiGuard,3.47904202199191,0.957348305569655,338.777886617501,338.777989554275,2.19911428381705
14273,t0,D-Scour,3.3024799198595,0.931423832808868,287.561644004504,287.561357229495,2.17841418224341
29876,t0,Control,3.38756748353651,0.926382197829883,307.381897600366,307.381761640528,2.12908619407609
29951,t0,Neomycin+D-Scour,3.62204904001705,1.07891880071622,266.955434395889,266.954990825257,2.49086002664817
14286,t0,Control,3.44356064261602,1.08336325070975,241.684738206862,241.684102347854,2.51630703695367
14260,t1,Neomycin+ColiGuard,3.07925413107148,0.796600206560363,316.392419693805,316.39235229633,1.82255059678992
14161,t0,Control,3.27190814473818,0.940284372586301,290.999272418669,290.999011801071,2.19659236144023
14322,t9,Control,3.32793395289003,0.883880777399527,322.55566062208,322.555640121595,2.01703962344386
14233,t0,D-Scour,3.59564002162029,0.983138269907667,306.180077355878,306.179932251216,2.19991153669746
29863,t0,ColiGuard,3.41971865753275,0.998242107260329,319.170846574128,319.170800318104,2.34065107579117
29924,t7,ColiGuard,3.42258361363142,0.91981073211475,335.809328018811,335.809408367395,2.1093745233695
14317,t7,D-Scour,3.46199920622543,0.932500710482778,330.500506170602,330.500546123594,2.09333997819298
29898,t2,Control,3.39319128624873,0.852790695029125,342.825423157042,342.825556892107,1.90142982055018
29643,t0,Neomycin+ColiGuard,3.4422791665263,0.911441229109618,325.161951790302,325.161951121463,2.06611948699024
14275,t0,ColiGuard,3.52103689130154,0.992189228235416,283.992566501098,283.992252568463,2.25698019951494
14263,t2,Neomycin+ColiGuard,3.27585052022439,0.838998719944378,322.906973961777,322.906956134486,1.89925771321272
29752,t0,D-Scour,3.34741728681464,0.922130597261781,292.242561721072,292.242310563842,2.1488222704831
29913,t0,Control,3.32232647471399,0.97935744881928,280.542810343581,280.542470161253,2.30086978410515
29898,t0,Control,3.56386431195608,1.00349279749881,296.532653127665,296.532434614359,2.28311056943222
29939,t2,Control,3.63607589772523,0.95401395520988,334.05980323582,334.059870272017,2.1389542322796
29742,t0,D-Scour,3.62943997377018,1.03172336044767,329.759540173512,329.759574488386,2.35807674589167
29962,t0,Control,3.38049079710475,0.950091333073387,295.158697171076,295.158468203141,2.18533319831273
29679,t2,Neomycin+ColiGuard,3.43305580358755,0.89325747299207,336.056577496193,336.056659726134,2.03808547244012
14260,t2,Neomycin+ColiGuard,3.41006269438536,0.891541275164123,335.886789089257,335.886870027253,2.0253538320539
29778,t0,D-Scour,3.33767153871829,0.887100876629113,328.894949437731,328.89497717381,2.03040581204102
29962,t10,Control,3.51479642595707,0.968540262924255,317.356331831277,317.356409221043,2.2192036146713
29693,t2,Neomycin,3.6111860347411,0.944282070724911,349.466334558645,349.466002401163,2.12328313744983
T12057,tM,Sows,3.52857679394804,0.98725821882484,322.100107606823,322.100124492068,2.28266406933321
14287,t10,Neomycin+D-Scour,3.37344862719948,0.903029528240504,321.069208135127,321.069238168986,2.06321781711233
29704,t10,ColiGuard,3.27318133544068,0.880098079616612,292.758672586643,292.75906370742,1.99922852532824
29949,t10,Neomycin,3.31728476733916,0.897861877846388,309.069351061071,309.069534147189,2.02336465158465
14273,t5,D-Scour,3.35581142399167,0.932352988871499,289.25174214774,289.252177997686,2.1390742139182
29668,t10,Neomycin,3.40517891476718,0.968650033275764,255.185253703374,255.186124054577,2.20707209108844
14308,t10,ColiGuard,3.42268060754845,0.957589614877081,306.647146854021,306.647360834159,2.22679771574585
14231,t5,ColiGuard,3.45351444152522,0.940925631130693,319.639288550095,319.639336821874,2.1524009093972
21508,tM,Sows,3.24785130955713,0.865563007399009,322.082555402424,322.082572511539,1.95828595532887
29796,t10,Neomycin,3.16627403278154,0.90011533650477,266.019644405341,266.020376569235,2.0919230961044
29914,t5,D-Scour,3.18740323544243,0.963858135238736,249.27250111486,249.273446880306,2.3073501861967
32771,tM,Sows,3.37740970120596,0.943869376422603,334.865240792671,334.865094864938,2.17669568679027
14207,t2,Neomycin,3.65686347236321,0.975569787357428,343.932709585148,343.932448006324,2.16285073093153
29931,t10,Neomycin+D-Scour,3.24926895709629,0.945021965113448,290.610282768216,290.610701290646,2.24330801070039
319427,tM,Sows,3.49948374775833,0.936039795004393,325.055898827599,325.055878013185,2.09274808201501
29645,t5,Neomycin+ColiGuard,3.35419572275218,0.931853744868963,325.182274699271,325.182252272996,2.18224847657319
14209,t10,ColiGuard,3.20096470197515,0.864043110224269,292.328058505389,292.328455118437,1.91956450124266
29715,t10,Neomycin+ColiGuard,3.34179130678452,0.931092740797444,289.240040678141,289.240476677333,2.15237975591231
14307,t10,ColiGuard,3.38330961669982,0.898435005739363,323.492582489136,323.492581614051,2.03241834311642
14204,t2,Control,3.68205798782022,0.982387159476627,330.36368543783,330.363596925216,2.15109997007663
315875,tM,Sows,3.47950117178353,0.914546971275758,337.987192881757,337.987007135066,2.08781932003627
14171,t5,Neomycin+ColiGuard,3.28822299278634,0.967277903881901,255.839365853973,255.840227862298,2.25863371050124
9128,tM,Sows,3.5575656013481,0.945391384565642,359.795221773924,359.79475787658,2.14899519833035
14233,t5,D-Scour,3.20726072486966,0.87821826234702,302.864061732576,302.864323964099,2.03416350561962
40519,tM,Sows,3.24870606763221,0.881321385745448,310.011319363813,310.011490435589,2.00311018980506
29765,t10,D-Scour,3.47466449194404,0.940492882629552,355.306538035643,355.306131389246,2.1642257074492
B11802,tM,Sows,3.45992512708834,0.913744803322423,360.322958052852,360.322487424492,2.0985864438439
14298,t5,Neomycin+D-Scour,3.37955702027263,0.90799347019384,303.170640236077,303.170898557342,2.06193803127665
29901,t5,ColiGuard,3.487861122713,0.963716700362753,336.571315060245,336.571147372377,2.1910483262863
14265,t10,Neomycin,3.40589816241573,0.92685075000211,337.169260156768,337.169084842405,2.11564672940551
60581,tM,Sows,3.34952582497612,0.862573876288687,338.334726528856,338.334536349544,1.98045480749076
29647,t2,Neomycin,3.5211445682464,0.912599603020622,342.471196032199,342.470953094259,2.0549468045214
29900,t5,Neomycin+ColiGuard,3.49242678169941,0.914067781472055,363.4109758801,363.410465865596,2.07241958303831
14322,t10,Control,3.19194804667092,0.905007505535965,293.756807943461,293.757186333514,2.11452559470649
29945,t2,Control,3.26029742104065,0.814358304872501,358.506889971044,358.506442505737,1.86279912454758
14260,t10,Neomycin+ColiGuard,3.33349389912884,0.874971593104311,314.24725135875,314.247368403303,1.96450507988573
32365,tM,Sows,3.40064452741766,0.920680389666324,322.184358187937,322.184373998608,2.10310271286734
14320,t10,Neomycin+D-Scour,3.43139497036271,0.915470519906242,328.621336614498,328.621270324684,2.08114539555432
316703,tM,Sows,3.46960891064629,0.963066522126891,345.149662423473,345.149385323015,2.21371428534305
29667,t10,Neomycin+D-Scour,3.45666245297248,0.962157750274495,286.411795475997,286.412267548061,2.18242828119473
40516,tM,Sows,3.2039667791169,0.923878506638173,269.318288685377,269.318978776689,2.12272257010032
60690,tM,Sows,3.15103432173555,0.922044075186994,328.018710930136,328.018652326515,2.32448450895541
14263,t10,Neomycin+ColiGuard,3.38824011144999,0.956442303606982,306.979468590641,306.979678332179,2.21866420080668
14288,t10,ColiGuard,3.30348355159026,0.880108634458103,309.683678215033,309.683853465711,1.99345362395401
14297,t10,Neomycin+ColiGuard,3.41103713474519,0.944292625566403,282.606477562313,282.60699816933,2.1597411686531
29752,t10,D-Scour,3.71917742081254,0.971676106331305,346.955199182641,346.954899053452,2.18079946285841
210080,tM,Sows,3.39980019322154,0.986808582577312,325.769688473155,325.769658554706,2.31041744150535
29867,t2,Control,3.39556809836198,0.884637716941999,330.774407020765,330.774313269599,2.00093138086167
29948,t10,Control,3.46983823598351,0.970772611899654,304.825228037414,304.825465255228,2.2315360963606
29700,t10,ColiGuard,3.44309056256079,0.93067476907439,313.27719952897,313.277328946056,2.09782491838796
29847,t10,Neomycin,3.29500893799218,0.878804056049784,287.453226270332,287.45368505946,1.98947676879519
Y09733,tM,Sows,3.57132512158114,0.967301124533182,346.907223157284,346.906923640006,2.17158712018998
21560,tM,Sows,3.6093097365275,0.987325769810384,300.125917846346,300.126215001543,2.21576617337712
Y08266,tM,Sows,3.1407668009556,0.939356126200944,305.673584583362,305.673810980806,2.40361969591881
T11600,tM,Sows,3.26256982665489,0.849056290790841,344.772875102376,344.772602807655,1.92088659404811
29654,t10,Control,3.41542558778921,0.924006220220217,299.465954960947,299.466260533645,2.10362097324708
29646,t10,Neomycin+ColiGuard,3.39508859992962,0.948089202050806,324.846442521772,324.84642437887,2.23500526788212
29705,t10,Control,3.25732661553579,0.88175202327829,313.125080424179,313.12521178147,2.04315373669673
706402,tM,Sows,3.40377169110699,0.894338671756608,312.593833704372,312.593971837453,2.01169850466931
14193,t5,Neomycin+D-Scour,3.58052940670673,0.942660847071855,346.241409537085,346.241118511931,2.10281714082136
316981,tM,Sows,3.43952559595496,0.890406993301117,360.656449936431,360.655975054546,2.02416848401037
29691,t5,Neomycin+D-Scour,3.39282661819434,0.939266410048269,334.260274814388,334.260136602699,2.17788028194396
212211,tM,Sows,3.45520310991746,0.918621140091381,334.442817740137,334.442677200202,2.06303801249079
29652,t10,Neomycin+D-Scour,3.57113749175978,0.992196829158596,307.510715310448,307.510918276196,2.25402225079581
14195,t10,Neomycin+ColiGuard,3.42903917371675,0.940117130272464,308.228015396883,308.228209213823,2.14774714272199
29793,t10,Neomycin,3.63652648450362,0.986190068865925,350.132148178844,350.131807529237,2.2197112983086
29707,t10,Control,3.28104094017985,0.901958211829142,297.288311468522,297.288644815989,2.09219809140794
14159,t10,D-Scour,3.49040454918032,0.954266950775635,313.735897137261,313.736020703886,2.17393515701248
29934,t10,Neomycin+D-Scour,3.45889316307086,0.929633006219204,322.413706992083,322.413719877523,2.13412429845457
29694,t10,Neomycin,3.45743382001584,0.94955632501809,312.900412207873,312.900546430696,2.16923908336749
29703,t10,Neomycin+D-Scour,3.36734023412632,0.955775237624735,281.704294256208,281.704826370129,2.20969512321446
29863,t5,ColiGuard,3.56214168421348,0.979234428323191,329.113968484628,329.113895911537,2.19935106910457
29913,t10,Control,3.43368822373488,0.916548169222499,343.786441215157,343.786181501914,2.09098176602692
NegativeControl,tNONE,,3.65857822131367,0.964070444731324,348.164043029936,348.163519056434,2.14961188269042
ColiGuard,tNONE,PosControl_ColiGuard,1.17084024256813,0.316101147663212,57.0755137178233,57.0800151477005,0.732537672099874
Protexin,tNONE,PosControl_D-Scour,2.07424749289065,0.74881259361712,104.357336649398,104.361021797599,1.99023266328335
NegativeControl,tNONE,,3.16874133651035,0.893606736141062,270.837020900329,270.837831914087,2.13142767644934
NegativeControl,tNONE,,3.1980221070147,0.919080646180144,220.471626432977,220.467173045172,2.09277308543844
NegativeControl,tNONE,,3.3236192886701,1.07962432603394,57.7029686855473,57.6903903124003,2.42395644441572
MockCommunity,tNONE,MockCommunity,1.62671003141511,0.559752288580742,126.235831057213,126.226673665168,1.56754657175755
NegativeControl,tNONE,,2.37464807361396,0.830324065671722,3.06982288543418,3.07661981066281,1.88450580777819
MockCommunity,tNONE,MockCommunity,1.2814176454871,0.542234849264032,118.125220948919,118.129500058499,1.52341297692861
NegativeControl,tNONE,,3.25054212577971,0.89241070090438,299.192157586931,299.192474316873,2.0796736555036
NegativeControl,tNONE,,3.37874808757403,0.839067633556487,348.223064243215,348.22280374889,1.89556026473995
NegativeControl,tNONE,,2.52088265236756,0.840338871913508,27.1697547866951,27.1730840911961,1.91434571500762
Protexin,tNONE,PosControl_D-Scour,2.03699014208417,0.71692862988442,154.433315452974,154.435221783261,1.95582209313565
MockCommunity,tNONE,MockCommunity,1.94687431473567,0.661877030867364,117.685665759358,117.687982976766,1.70875684046543
ColiGuard,tNONE,PosControl_ColiGuard,1.44650453468635,0.356355067736055,125.736747021647,125.738974217362,0.744816959637401
NegativeControl,tNONE,,3.10825366043134,0.898600262484687,267.288525044358,267.288016089522,2.18269196797417
MockCommunity,tNONE,MockCommunity,2.17301516014404,0.649135972226136,154.562444425945,154.560732594775,1.54668530464089
Protexin,tNONE,PosControl_D-Scour,2.13744405280792,0.626625951311625,187.958821446364,187.95746598092,1.46713424445815
ColiGuard,tNONE,PosControl_ColiGuard,1.71890946466315,0.424137428719642,168.064507125619,168.062939372124,0.918272111010094
NegativeControl,tNONE,,3.20215098542382,0.954759826172714,282.951056267551,282.950714444297,2.29021849920333
NegativeControl,tNONE,,3.41586856472012,0.945554862766131,298.039187928086,298.039529634854,2.17561081842189
MockCommunity,tNONE,MockCommunity,1.96696032059595,0.674584068653621,93.6450666224502,93.6488952538814,1.6987241888863
NegativeControl,tNONE,,3.65151893324002,1.00787641220863,305.175380915327,305.175600880006,2.27819796258145
ColiGuard,tNONE,PosControl_ColiGuard,1.45672790050869,0.39161061892733,90.2081211752115,90.2120084402755,0.801956021190094
Protexin,tNONE,PosControl_D-Scour,2.1244874691174,0.733888066569994,142.794624854024,142.797615003381,2.09853971467979
ColiGuard,tNONE,PosControl_ColiGuard,1.61655808468243,0.413924203496706,160.806641988082,160.807497541475,0.909561538371285
NegativeControl,tNONE,,3.63396945455243,0.951288560620359,254.718536452159,254.718900487191,2.10616557242041
Protexin,tNONE,PosControl_D-Scour,2.18465406912121,0.757668216442323,180.508659179327,180.509411615822,2.15035819186044
MockCommunity,tNONE,MockCommunity,2.16153775652354,0.672888001953606,137.760567671188,137.761543843686,1.61401647317423
NegativeControl,tNONE,,3.68070588809429,0.975927221182921,238.930316662875,238.93125753658,2.21577663761077
Protexin,tNONE,PosControl_D-Scour,2.09186876848997,0.723643887853654,160.475985758506,160.478099531764,1.77727080939943
ColiGuard,tNONE,PosControl_ColiGuard,1.38749673143333,0.389531556796968,126.441715363876,126.444337952646,0.833257692946039
NegativeControl,tNONE,,3.43959684837278,0.988966742947252,291.346733099524,291.346890342923,2.25665719443162
MockCommunity,tNONE,MockCommunity,2.03853165788715,0.657498399763415,115.210842511384,115.213633002749,1.54817166362044
NegativeControl,tNONE,,3.04380540076794,0.974070295454145,91.1589434029129,91.1571621714027,2.20503673378585
ColiGuard,tNONE,PosControl_ColiGuard,2.02931710018608,0.539258043872233,220.886049574716,220.885255455484,1.19651672120069
Protexin,tNONE,PosControl_D-Scour,2.37394438337191,0.770892891976105,202.261747960429,202.260812126198,1.96302980841246
MockCommunity,tNONE,MockCommunity,2.2227955029296,0.680189648981487,174.983714637786,174.982571241061,1.61606210076238
NegativeControl,tNONE,,2.0999941795548,0.713018617347534,79.8094881995474,79.8566796596374,1.67389547552637
MockCommunity,tNONE,MockCommunity,1.97707622500416,0.628693365620643,74.3519126631511,74.3550894544286,1.51668580482153
NegativeControl,tNONE,,3.6096328767754,0.950572756253697,338.090165814231,338.08997875417,2.14180301346866
NegativeControl,tNONE,,3.30031469238507,0.878351253349809,298.28293638446,298.283257045977,1.98954022924986
ColiGuard,tNONE,PosControl_ColiGuard,1.42895739741783,0.360154977431926,89.8142345916318,89.8172141686196,0.7636302042275
Protexin,tNONE,PosControl_D-Scour,2.19969900804737,0.755386294492581,164.405252552205,164.407280757548,2.10495364279498
