isolation_source,collection_date,Cohort,pc1,pc2,pc3,pc4,pc5
14286,t0,Control,1.04067891086311,0.927155558949277,0.894932043536065,0.106340489901234,4.53646840634678
29962,t0,Control,1.1716209478666,2.78634191182391,-0.118489718175432,-0.91763211014445,5.24683162164402
29707,t0,Control,1.40671970758026,3.79418148346531,0.0288011089642448,-1.28114901189003,5.06585329966526
14322,t0,Control,1.85417847061661,3.57591854033511,-0.176999266496071,-1.25929711935988,5.36276491717136
29913,t0,Control,1.90494033975105,2.80912120229827,0.293438786872082,-1.12985647667322,5.18749439676793
14187,t0,Control,1.75241051881675,3.63948629215795,-0.269273858454848,-1.3261265179469,5.4390270482059
29912,t0,Control,1.69991141996684,2.70783138391892,-0.336268746885431,-0.896361186230872,5.29953766884903
14160,t0,Control,1.34707263963988,2.09509436659966,0.412559451517472,-0.141483469310062,5.17915440648118
29665,t0,Control,1.79341614501835,2.70821938307209,0.0903496521537749,-0.974539360527882,5.50096182894725
29939,t0,Control,0.706411600312219,2.5790789185695,1.16378085907484,0.191819713883434,5.30351327969157
14161,t0,Control,1.52420220406055,2.08903729731783,-0.39970984726286,-0.703247019208964,5.27499539220385
29705,t0,Control,0.0105142257697199,3.09770378407796,0.239311899377116,-0.515789310849342,4.93339494874539
29654,t0,Control,0.692434274750754,2.84943244758161,1.13173093240201,-0.648237639647773,4.83432529432235
29898,t0,Control,1.05463925444555,3.06075273184155,0.422772256837349,-0.812301381397963,4.97099812767048
29631,t0,Control,1.79473862230285,3.5299663259445,0.189485931748761,-0.924028705036209,5.59896041036365
14277,t0,Control,1.20450486741743,2.71084110304992,0.285462732185158,-0.522502174334529,5.23971866315313
14184,t0,Control,2.00132715472626,2.59623805482903,-0.254066911132261,-0.911747764357189,5.73481211551926
14204,t0,Control,1.34391689299063,3.43763468890438,0.421915375641636,-0.778761266008655,5.58873830858316
14182,t0,Control,1.44139044585133,2.6841286409192,0.190114422382573,-0.780279183178099,5.36793464141656
29666,t0,Control,1.86431105442402,2.84676589862497,0.107745033275615,-1.00596740840915,5.30895160242429
29948,t0,Control,1.65460391874528,1.99331512278703,0.0520742157433642,-0.664857529366601,5.49761380043212
29945,t0,Control,1.59136281784228,3.36791098365547,-0.111231428301787,-1.17326359613699,5.49942280321888
14271,t0,Control,1.64585134563673,3.10364132666024,0.122878488281095,-0.967822435672249,4.98859278495732
29867,t0,Control,1.58115942326616,2.98634995500768,-0.0659107142596349,-0.834477187632277,5.47263296185256
14200,t0,Control,1.89555015083813,1.41383251136787,-0.0681344527315356,-0.628297395969744,5.17372431434377
29706,t0,Control,1.15225595823174,2.36290867718235,0.152254577171921,-0.623531083417903,5.29220789020412
29876,t0,Control,1.14080147541474,3.40146316538578,0.219630224868735,-0.959233461362716,5.170914965688
14169,t0,Control,0.723786955842137,2.47369476189646,0.378211134382782,-0.744630004463655,4.80528489802541
14315,t0,Control,1.84410588998286,2.83811953474704,-0.208624527435193,-1.06543995892538,5.58325999764651
29764,t0,Control,1.68411112628978,3.04707621571963,-0.13106139550788,-1.22370089567993,5.20346839299642
29765,t0,D-Scour,1.32250507313523,2.54292739712076,0.0491327532875742,-0.748710884772198,5.38629833295943
14159,t0,D-Scour,2.14378876576342,2.37553546209772,-0.51211247942715,-1.11049279364949,5.54148172538633
14205,t0,D-Scour,1.96678106327129,2.90698259764009,-0.0550472739588356,-1.09565567060075,5.55050667891567
29752,t0,D-Scour,1.62681635094258,2.6860471127711,-0.265435911036482,-1.02630407286955,5.56085073300103
29875,t0,D-Scour,1.44264368130171,3.18335716217431,-0.153323222735467,-0.77149784526099,5.57615124317899
29644,t0,D-Scour,0.53516785719467,3.33154439185039,0.349185184015917,-0.820457715913707,5.16254206816083
29914,t0,D-Scour,1.79783902983845,2.10535663642566,0.690925880281873,-0.893996039988483,5.003886612055
14276,t0,D-Scour,1.33386315684874,2.73922739111886,1.06038474267957,-0.575309675844345,5.11931340650624
14172,t0,D-Scour,1.7784646216549,3.3455999266783,-0.396882397285321,-1.13564766911325,5.52628110225546
14233,t0,D-Scour,0.783267660810329,3.21809288244034,0.445933702222861,-0.457024152911125,5.3956691433137
29792,t0,D-Scour,1.84057434238561,2.61545652831385,0.0300168407242588,-1.06196331541906,5.35968050834194
29864,t0,D-Scour,1.93453007847771,1.91367861201183,0.0607855333716214,-0.803374893436696,5.47302098539479
29778,t0,D-Scour,1.41693009896432,3.29496320209203,0.0235872756790872,-0.727615410746614,5.60772185634751
14317,t0,D-Scour,1.81604591112068,2.30982595337159,-0.460196603881785,-0.796275238998784,5.75573975088164
29742,t0,D-Scour,1.49684203751734,2.67518870709896,0.924962719803814,-0.692121518444209,5.30437851415441
14273,t0,D-Scour,1.44654205584429,3.68135781618834,-0.249440314178104,-1.09334276717102,5.22799246710142
29846,t0,D-Scour,1.79983212831784,2.88000056271151,0.113014742551969,-0.984909408220647,5.34379070533965
29924,t0,ColiGuard,1.94233782964983,3.16505234973351,-0.520567789534816,-1.16409140804486,5.36536090856389
14209,t0,ColiGuard,1.57389624458055,3.23390733171684,0.0826646304194187,-0.975769937262903,5.60993162655411
14284,t0,ColiGuard,1.6105442981721,1.84691001094397,-0.422306746957382,-0.626891803436402,5.32738320737489
14275,t0,ColiGuard,1.27689796321379,2.88530238202145,0.533393854865291,-0.75479793656968,5.03493425661409
14188,t0,ColiGuard,1.526273907279,3.12483038903163,0.170469165382524,-0.868562024875224,5.44724015619913
14307,t0,ColiGuard,0.77305431522545,2.30462997724777,1.46654600214096,0.412166384280511,5.35941798487804
14183,t0,ColiGuard,1.10974002667215,3.72476416959931,0.297847714696526,-1.1625364266621,5.1914638643687
14306,t0,ColiGuard,0.886262921845223,3.45883634069647,0.475202233201711,-1.11867221953255,5.05674781447664
29901,t0,ColiGuard,1.65028389904433,2.41996040529322,-0.339894760696109,-0.876327741697241,5.41451372395836
14163,t0,ColiGuard,1.8458160789798,1.8088281768655,-0.331601028625717,-0.835815062616802,5.42741229732225
14308,t0,ColiGuard,1.55349071853919,2.09768981105545,0.207739027804794,-0.826505320433666,5.17746842279322
29700,t0,ColiGuard,0.846016206362699,2.32110385699889,-0.0413045413303981,-0.699309249326468,5.19492508797035
29704,t0,ColiGuard,1.38099860241064,2.65910562500599,-0.0879608545428192,-0.852816185364967,5.28334037247632
29863,t0,ColiGuard,1.75012742669877,3.49820736486365,0.788082653249197,-1.20991537965761,5.14741927819918
29692,t0,ColiGuard,1.88917542410262,2.81548375480531,0.282367463477619,-0.781811969816948,5.32897995544725
14231,t0,ColiGuard,1.56479544571252,3.09534731182321,0.624921328613281,-0.912844866240564,5.37086433069746
14288,t0,ColiGuard,1.51777052213914,1.38546762205558,-0.639098496881536,-0.547541060210817,5.42804795080648
14305,t0,Neomycin,0.86516794827543,2.96471075985774,0.620199905135317,-0.750773574664481,4.96355176626528
29949,t0,Neomycin,0.866055341928158,2.11481124526026,0.664527717464074,-0.623848011355648,4.76274199952024
29781,t0,Neomycin,1.80733592626858,0.867279247667979,-0.486769316782441,-0.0600519460881885,5.44676015234826
29668,t0,Neomycin,1.8409135668698,1.92589448446949,-0.0989481910749803,-0.691805205341034,5.60568067131634
14265,t0,Neomycin,1.75255438196753,1.86805113238768,-0.321066540868949,-0.650003361935477,5.59969689621556
29653,t0,Neomycin,2.07409020690208,2.59280128538644,-0.425307829485805,-1.04354192364896,5.61512233381119
29793,t0,Neomycin,1.74111523480555,1.89891411110547,0.137293453127186,-0.893975902696407,5.25693132189459
14208,t0,Neomycin,1.78699049933355,2.45220712493308,0.38038956009009,-0.626764408952742,5.30519383897949
14190,t0,Neomycin,1.83626954252459,3.59153509380181,0.15058986560191,-1.16755137263032,5.50609611991347
29797,t0,Neomycin,1.51484837191249,1.77558564481746,0.29975866349544,-0.537285337335904,5.22938018305923
29796,t0,Neomycin,1.9491738770336,2.38230662636446,0.0221163303080307,-0.910556326002093,5.30650459830635
29777,t0,Neomycin,1.96566852871172,2.65180766596066,0.329637745879639,-0.830879255970979,5.5646119739413
29847,t0,Neomycin,1.94628087304839,2.40406058017771,0.82215636244826,-0.472861177108476,5.20958103660263
14192,t0,Neomycin,1.73776878723727,3.13222178892316,0.0625407883280632,-0.831447770352182,5.63044063046375
29753,t0,Neomycin,1.92433915444387,2.24157202801216,-0.308812634244066,-0.837792486370125,5.31517029046209
29743,t0,Neomycin,1.87866848241031,2.43684556529808,0.303824440106803,-0.735288550429067,5.64871029729177
29718,t0,Neomycin,1.63785037356895,2.78544125358641,-0.0707941690758974,-0.768518542909646,5.69588059513429
29694,t0,Neomycin,1.74777469309229,3.00861710590571,-0.0169335645180787,-1.09672498117706,5.63729825981759
14195,t0,Neomycin+ColiGuard,1.63719954345387,3.34572271705097,-0.0345668578771921,-1.04830509140388,5.49368473083117
14295,t0,Neomycin+D-Scour,1.62059733624289,3.1930344793236,0.386978601102393,-0.787870204525938,5.35458730183861
29652,t0,Neomycin+D-Scour,1.73039950775828,2.89409929106086,1.01588616012546,-0.852371032043598,5.18192184787146
14194,t0,Neomycin+D-Scour,1.54293280536202,3.13815362625394,0.118388803147983,-0.78134370361066,5.50642379817744
14320,t0,Neomycin+D-Scour,2.10476902673781,2.42157855618432,-0.548322669121948,-0.899810811308337,5.52664373673211
14287,t0,Neomycin+D-Scour,1.25313109768213,2.28838018034886,0.174441902776705,-0.691319134006192,5.22682239854003
29951,t0,Neomycin+D-Scour,1.86586484950263,1.30899577283346,0.37331781286909,-0.313867111953694,5.11335395259973
29703,t0,Neomycin+D-Scour,1.75642899873875,3.44588203852486,0.480688530876018,-0.983284529158995,5.4497002413197
29934,t0,Neomycin+D-Scour,0.838166045658094,2.41856174066735,1.19895200989987,0.550497915996357,5.5223449458122
14193,t0,Neomycin+D-Scour,1.66447390523659,3.22559208585943,0.0481506361838597,-1.00810283353129,5.66587682456599
29865,t0,Neomycin+D-Scour,2.09671268723071,2.10059052708507,-0.253823402239384,-0.76216789292024,5.66393013320352
14201,t0,Neomycin+D-Scour,1.43150972822924,3.0358583437717,0.139025974299736,-0.856766220653597,5.39615767349959
29667,t0,Neomycin+D-Scour,1.69700879246055,2.54171806497084,0.118900375093767,-0.754851111234192,5.64567727484999
14298,t0,Neomycin+D-Scour,1.53516979015279,2.56336426197389,0.474719131324916,-0.581048987488404,4.9925339947899
29931,t0,Neomycin+D-Scour,1.29772413539951,1.89539511820545,-0.117505042231263,-1.30623235264144,5.23764719670027
29754,t0,Neomycin+D-Scour,2.17761016747503,1.33463883155819,-0.345470922767289,-0.609206635957225,5.53293840169837
29691,t0,Neomycin+D-Scour,1.50838889956461,3.35122299876114,0.157285329479188,-0.906145791743476,5.60538288675539
14174,t0,Neomycin+D-Scour,1.8723738916468,3.62789665385951,-0.497420113736646,-1.28668096427018,5.25031945894011
29961,t0,Neomycin+D-Scour,2.12036723600051,2.39429269324106,-0.433742994655551,-1.02944027046218,5.6597140486119
14297,t0,Neomycin+ColiGuard,2.15601195946174,2.52757141424584,-0.261428324564882,-1.10452812475296,5.48302328782069
29679,t0,Neomycin+ColiGuard,1.95039652385036,1.63328198408127,-0.756520919139017,-0.715670237392481,5.61452271266591
29943,t0,Neomycin+ColiGuard,1.62773050709132,2.25150010635386,1.03531712914219,-0.947680408029201,4.76421046663572
14263,t0,Neomycin+ColiGuard,1.84848518798403,2.93279599567591,0.146459803747496,-1.00813496394534,5.27976079276768
29702,t0,Neomycin+ColiGuard,1.13389666817404,2.52027255287114,1.61079224524057,-0.140164292861196,4.51527703372847
29900,t0,Neomycin+ColiGuard,1.21463226870623,3.31558396762355,0.704764290987346,-0.792982418892682,4.87944962501109
29745,t0,Neomycin+ColiGuard,1.26381764240933,2.89944332986936,0.175486530162816,-0.768897939256263,5.53731786731492
29645,t0,Neomycin+ColiGuard,1.73286726073451,2.59814161360892,-0.194229579266146,-0.561398912678271,5.39767731545482
29655,t0,Neomycin+ColiGuard,1.45290870819172,3.21972705141872,-0.00627680866930074,-1.08046960020963,5.27588065616426
14171,t0,Neomycin+ColiGuard,2.04013974460619,2.18684901688186,-0.285352846892045,-0.694290411766718,5.43461373811769
29693,t0,Neomycin,1.59972785657344,2.77635481143538,0.116484056430124,-0.651298889464426,5.46936785836134
29946,t0,Neomycin,0.541100064554525,3.14956489099876,-0.0318035896965887,-0.238155315420183,5.58288235041946
29715,t0,Neomycin+ColiGuard,1.56405717594316,3.92417992876008,-0.163546547341041,-1.32581785822422,5.13046775749679
14260,t0,Neomycin+ColiGuard,1.29605773813372,3.24883026269087,0.010328322636747,-1.0330660900954,5.10204864139234
29643,t0,Neomycin+ColiGuard,1.45181566184452,3.19962925256821,0.331414154421876,-0.709626836753167,5.58456408535318
14261,t0,Neomycin+ColiGuard,1.71836322651113,3.15532921825716,-0.0381251453653249,-1.1317058588391,5.45129907623617
29633,t0,Neomycin,1.51939243767291,3.09532422815126,0.147937453382757,-0.833601177459413,5.59863584392415
14186,t0,Neomycin+ColiGuard,2.11067402678271,2.60330579693122,-0.156420565478655,-1.07733807086042,5.63489461720968
29646,t0,Neomycin+ColiGuard,1.55532761732321,3.42175876780055,0.0505922046283945,-0.991006148223823,5.21923810327639
29647,t0,Neomycin,1.74877306343474,2.66403532510388,-0.47525229001217,-0.933608246312026,5.66612972218611
29804,t0,Neomycin,1.65534175058905,3.31249755265262,-0.214125540704607,-1.13915437424473,5.47483748211336
14207,t0,Neomycin,1.89682271366279,2.69417103211564,0.0682448916311511,-0.792817808232221,5.54713737199212
14274,t0,Neomycin+ColiGuard,1.78840314030468,2.46219227507074,-0.141567349618717,-0.687597525044578,5.32571756583061
14162,t0,ColiGuard,1.86323561977164,3.06799363319629,-0.281573506846009,-1.14468606379451,5.29423743355248
14262,t0,D-Scour,1.89890579710903,2.54517370387486,-0.224550889967269,-0.882220395059424,5.34541421431225
14322,t1,Control,1.74674394782879,3.39739087013779,0.0700515570684683,-0.631906020595547,5.63088067663594
14187,t1,Control,1.41545303158929,2.74289100776683,0.420376903982758,-0.556927821818062,5.80179837010728
29665,t1,Control,1.32035484823363,2.6987490914459,0.456269500840955,-0.676857936765555,5.09913803836801
29705,t1,Control,2.26585959665101,2.95707804508972,0.225350622696115,-1.09375415764694,5.40453840198801
29654,t1,Control,2.27923907777101,3.29031826613127,0.00985476296671305,-1.17676024598423,5.46841583578786
14184,t1,Control,1.87928108044294,3.11785702359421,0.105171642449749,-1.10609525767894,5.56486241125612
29666,t1,Control,1.29192704158097,3.57882191747594,0.580286758136754,-0.392193993586165,5.55545281735908
29948,t1,Control,1.58049314318959,3.08669838667618,0.575563008855746,-0.949408468036883,5.40126297478952
14159,t1,D-Scour,1.4531540117564,2.97287086616016,0.54007212274875,-0.339375114796164,5.5476450447174
29752,t1,D-Scour,2.46517661347212,1.56621050267318,0.33680168953998,-0.921170452471963,5.47728535376775
29875,t1,D-Scour,1.51500005815062,3.30678720422132,0.300413076880194,-0.669573545220464,5.69281064442445
14276,t1,D-Scour,1.78304758371825,0.804391712449597,-0.4001827794055,-0.172873941182621,5.83482176778191
29864,t1,D-Scour,2.35151502685516,2.26961753935011,-0.123734654866308,-1.03553960642465,5.72537986995073
14317,t1,D-Scour,2.05934867181424,2.95039233234613,0.126065678910831,-0.947016006611156,5.54668899417927
29742,t1,D-Scour,1.85130048647716,2.17595592054545,0.724008284395856,-0.660250429081233,5.23995460072707
29846,t1,D-Scour,1.15641855658279,2.4815572290531,0.0335479891018953,-0.992064885945668,5.46283922774641
29924,t1,ColiGuard,2.10652694031467,2.32052823930264,0.116774865363193,-0.844127915350107,5.7304547365877
14209,t1,ColiGuard,1.2382848637214,3.2908447826317,0.59153963282463,-0.257142883142061,5.7683685507419
14188,t1,ColiGuard,1.81423790434427,2.83666127256641,0.0274088227606606,-1.1569795011004,5.52154434227474
14306,t1,ColiGuard,2.13449835464362,2.1722711195381,0.117546935675867,-0.896362019011653,5.34365700511873
14308,t1,ColiGuard,2.40881452239253,0.628789658686072,-0.425828597363123,-0.504103383482302,5.66202119038416
29700,t1,ColiGuard,1.17809497797655,4.72263479581199,-0.278164565982364,-0.719022168027181,5.26357495241714
29704,t1,ColiGuard,1.87332722983132,3.16804926138931,0.0880642471265234,-0.790667384675043,5.5516940930267
14288,t1,ColiGuard,2.25752349184471,1.46377913812559,0.336215432081176,-0.745334190879552,5.40672465685841
29781,t1,Neomycin,2.46776012372207,0.984589646224694,1.73875561529074,-0.851377057344643,4.46626724085417
29668,t1,Neomycin,1.92348411871057,2.42145952584119,0.299741790026793,-0.647722762166167,5.52812322624868
14265,t1,Neomycin,1.78630558520331,2.81108095641748,-0.0126260789876886,-0.656904856822681,5.67130823089247
14208,t1,Neomycin,1.73896024356446,3.11132466275961,0.288782511840497,-0.93402079952932,5.49013472208137
29796,t1,Neomycin,2.23862212532592,2.76907634701812,0.268868301799976,-1.11823045812864,5.51566659046666
29847,t1,Neomycin,1.95698964821242,2.27051060355876,-0.321918764416495,-0.602266350873869,5.64111739472512
29753,t1,Neomycin,1.85061341213854,3.26534350095904,-0.215877640545137,-1.10735528026624,5.5516677294599
29694,t1,Neomycin,1.77815120975437,2.77488861725055,0.293128029799573,-0.613599272159417,5.58712475480254
29652,t1,Neomycin+D-Scour,2.13658185096465,2.75159383779783,0.931021510565987,-0.939712169419276,5.46540688868437
14320,t1,Neomycin+D-Scour,1.15511306009825,2.60961120046896,-0.210705152310704,-0.62488626647002,5.4821696659449
29951,t1,Neomycin+D-Scour,1.84180615436272,2.63781454517798,0.261353735347428,-0.706797637174006,5.45987958459758
29934,t1,Neomycin+D-Scour,1.99596637686502,2.36164991412962,0.518297252490119,-0.657771305877368,5.6874788394524
29865,t1,Neomycin+D-Scour,1.63544403865523,2.53297833624942,0.115209517373938,-0.523475844924155,5.63131306758168
29667,t1,Neomycin+D-Scour,1.66181147852215,3.13707795077742,0.505111180037003,-0.798696963676124,5.43092566891866
29931,t1,Neomycin+D-Scour,0.339424414955661,2.74461315096206,0.127621078086692,-0.658350718881603,5.74570190536298
29961,t1,Neomycin+D-Scour,2.13321292629767,2.32522923305393,-0.114397497396203,-0.840845543166205,5.55010036288896
14263,t1,Neomycin+ColiGuard,1.60715619800153,3.20115176720471,0.294453639543784,-1.01182304147471,5.34786848112815
29702,t1,Neomycin+ColiGuard,1.40965440969482,2.68821519578198,-0.374684982207692,-0.692741994521995,5.63318655153561
29715,t1,Neomycin+ColiGuard,1.86398966679205,2.35868313818175,0.120190373845327,-0.46658858099314,5.63563458999104
14260,t1,Neomycin+ColiGuard,1.62747799394293,3.92722522030345,-0.178550242025569,-1.21265409208265,5.62077888195634
29643,t1,Neomycin+ColiGuard,1.472599429317,2.85188093435196,0.402034728044809,-0.582449177403663,5.40557019436725
14261,t1,Neomycin+ColiGuard,2.11363415105185,3.16741618121308,-0.0362644069770165,-1.09916852154702,5.62337061426149
14186,t1,Neomycin+ColiGuard,1.38336657740408,2.51769342179537,0.345854709182317,-0.00449060139009216,6.32688118370216
29646,t1,Neomycin+ColiGuard,1.62583443634066,2.4540603320835,0.0903995690212893,-0.658928271751499,5.39177575951911
14277,t2,Control,0.938587006298949,2.31536276427355,0.440600082630386,-0.0411612510015709,5.63312696844959
14204,t2,Control,1.95330603253485,1.7412641185443,0.709437986325265,-0.00793130065480885,6.12886881707155
14182,t2,Control,1.56252315878236,1.9493308014851,0.171076210393945,-0.143473876033934,5.89621533178771
29945,t2,Control,2.37151954304089,3.06449112022066,0.0675475082274716,-1.0144810829947,5.80307346488616
14271,t2,Control,1.64672462569826,3.02262617535283,0.713688095454343,-0.702464874798988,5.41939156108791
29867,t2,Control,2.14657724648163,2.92392358402478,0.346037137426746,-0.525250266430474,5.69961579470474
14192,t2,Neomycin,1.54053488950672,2.60364850482795,0.551288740493176,-0.221385893324287,6.03101666000709
29693,t2,Neomycin,1.42957408240382,2.49390219699828,0.554104910601299,-0.859816890086321,5.46305471508014
29946,t2,Neomycin,2.2650390145247,2.48176622029152,0.477592824250634,-0.985532300789983,5.6565732312212
29647,t2,Neomycin,1.77069099901909,3.17925453270039,0.636321450000154,-0.83802881561219,5.73352994634093
29804,t2,Neomycin,1.66735564354872,2.98679494506597,0.147603157124107,-1.15160828190364,5.45227031746969
14207,t2,Neomycin,1.37012430078585,2.15129865608318,0.692283379925345,-0.73288751902336,5.80395978218718
29912,t2,Control,-1.02189761531373,2.43817071449123,0.132207960417199,-0.16799626228475,5.86949862343323
14160,t2,Control,0.904359093323518,3.24121752882829,0.132978688049172,-0.496925006608998,5.33663362692882
29707,t2,Control,0.369160757636892,3.59355122327283,0.0432225477247074,-0.438146882806768,5.49147360599295
14322,t2,Control,-0.00381982023036431,3.29304960398169,-0.0689198790481039,-0.51871770233471,5.1879681402818
29913,t2,Control,0.823783641969492,3.74489055076882,-0.147246143976051,-0.773422727018536,5.45686812767857
14187,t2,Control,1.64725488321098,3.01889133056374,-0.0571387738181192,-0.65694994777269,5.66320180306887
14286,t2,Control,1.0183905454474,2.98686634232304,-0.0408325161203701,-0.291191362101837,5.57493406853858
29962,t2,Control,0.930499263485232,3.31702402055935,-0.263154069528681,-0.752399366697259,5.49263374447255
29665,t2,Control,0.717933760054457,3.47070803203374,0.0171131688696366,-0.717916609946889,5.66233769062352
29939,t2,Control,1.18749826836975,2.158281421213,-0.114247521914573,-0.416436139175936,5.74772238431999
14161,t2,Control,1.70318961448463,3.00073402246844,0.205079704924126,-0.753664476628172,5.60344496800543
29705,t2,Control,0.828270192836695,2.89216281678236,0.229329959636666,-0.240316039075794,5.67541603527939
29654,t2,Control,1.14465669726619,3.49937091995488,0.0790665574517974,-0.700132969341414,5.64398737193586
29898,t2,Control,0.71260815316542,3.14997559079835,0.13720648582902,-0.379061619929157,5.79035799057476
29631,t2,Control,1.30111290442205,2.63584906877053,0.137424290306181,-0.631700251053512,5.59986007942182
29666,t2,Control,1.60652459853376,2.83610045925138,0.266532850478038,-0.879131083705382,5.81795970381663
29948,t2,Control,0.180089015124785,3.2010753247918,0.207564636991957,-0.721719284097793,5.73015938257115
14233,t2,D-Scour,0.333862116290563,3.24661246032549,0.0525482977819674,-0.709814014431581,5.57822732133299
29792,t2,D-Scour,2.19493587085314,3.15142381142653,-0.00347329261891356,-1.08021922781842,5.49875600717016
14159,t2,D-Scour,0.0440296547257637,2.6104628802939,0.125344213852512,-0.791223725312659,5.7499348409417
14205,t2,D-Scour,-0.180984006690347,2.43609107770869,0.551175075395872,-0.526704686776885,5.63434803936229
29752,t2,D-Scour,1.52010132451969,2.21290607573693,0.326336764136356,-0.763505458740933,5.53177652526955
29875,t2,D-Scour,1.35717109228593,3.53430650024105,0.040837493352488,-0.661423173291207,5.65408867617993
29644,t2,D-Scour,1.16215023411516,3.31104811469133,0.925442127909295,-0.390058370214756,5.87792759114476
29914,t2,D-Scour,1.19318572933414,2.26313873710461,0.0392365931639069,-0.0878431483961643,5.73003667771502
14276,t2,D-Scour,0.882177995391598,2.75131917346836,0.175572673668077,-0.795186765651554,5.47195293455066
14172,t2,D-Scour,0.0703421886077077,3.6131966296037,0.268571037191489,-0.410491845127433,5.61953986087946
14262,t2,D-Scour,1.46095478108921,2.82242081908823,0.733006827173348,-0.743544291655034,5.24185327398647
29765,t2,D-Scour,1.86280186062112,3.51914879218178,0.233797070727057,-1.16547845732508,5.55950469984978
29864,t2,D-Scour,0.54071150125059,2.95863451646503,0.59390502184332,-0.869178312375138,5.56396818973691
29778,t2,D-Scour,1.4806429551519,2.80254817338787,0.201547594019969,-0.83400443021251,5.75907487767476
14317,t2,D-Scour,0.635185968099363,3.29555297521438,0.396070586323877,-0.594159032177255,5.52375252293402
29742,t2,D-Scour,1.5161554327149,2.58045035090806,0.795589375683863,-0.625006338601153,5.26986814006344
14273,t2,D-Scour,-0.656008732497603,3.44850598095159,-0.0429042528900587,-0.749135911267895,5.31284288782528
29846,t2,D-Scour,1.79954667994053,2.9855606104564,0.361547242055799,-0.589034477677857,5.73999423504364
29961,t2,Neomycin+D-Scour,0.870957701966591,3.43628940729062,-0.0342889553076065,-0.634832499686615,5.60979765582603
14295,t2,Neomycin+D-Scour,1.87884412850257,3.45531500576496,0.268405995136942,-0.943423658002486,5.56046923334026
29652,t2,Neomycin+D-Scour,1.88073201493307,3.02375779188783,-0.0315367822147069,-0.841947814695927,5.54942092496922
14194,t2,Neomycin+D-Scour,1.28913237720869,2.56361937230084,0.247798186585914,-0.639791534792063,5.85362254524097
29691,t2,Neomycin+D-Scour,1.4119181121388,2.62182621444224,-0.0439380529267401,-0.460726713338667,5.74530681169856
14174,t2,Neomycin+D-Scour,0.642707349549886,4.07659896398334,-0.239999488554384,-0.604685749608907,5.09392233333312
29951,t2,Neomycin+D-Scour,1.72823247473565,2.52961986554337,0.777446282646198,-0.62795341504067,5.3279309900803
29703,t2,Neomycin+D-Scour,-0.618136139190024,3.12676864885943,0.101996460057617,-0.726326014121127,5.65490187192203
29934,t2,Neomycin+D-Scour,0.991329822923213,3.32775573147714,-0.0631462066836616,-0.506515023605156,5.67715646986454
14193,t2,Neomycin+D-Scour,1.62203144700083,2.33684198837363,-0.322869302247276,-0.664793829849754,5.62034450672118
29865,t2,Neomycin+D-Scour,2.09112306472078,2.89527877055298,0.755970362711267,-0.986305194319793,5.36580227323313
14201,t2,Neomycin+D-Scour,1.73578114781519,3.20849050377424,0.388649458746376,-0.952474591221951,5.63238095169084
29667,t2,Neomycin+D-Scour,1.58430781826137,3.24212917128163,0.0244793749276464,-0.676609730003521,5.54670209765291
14298,t2,Neomycin+D-Scour,1.52860807745064,3.17362539982181,0.251268499721012,-0.810706382279892,5.4665017836479
29931,t2,Neomycin+D-Scour,0.0763162513033746,3.47854359563463,-0.162207161815944,-0.644125728121556,5.49053938531301
29754,t2,Neomycin+D-Scour,0.588441844532207,3.37863071874975,0.136947404937272,-0.36297010647562,5.74774996190974
14320,t2,Neomycin+D-Scour,0.678128880650295,3.82420889978885,0.303765371486919,-0.288889521021984,5.45967682942002
14287,t2,Neomycin+D-Scour,1.48402653416591,3.17446332338618,0.196336307252032,-0.443761227610799,5.55937652839114
29924,t2,ColiGuard,1.35331163588278,3.38975611854875,0.0727931799269873,-0.749428979883252,5.61472173111753
14209,t2,ColiGuard,0.422020975089868,2.15333204428614,1.00313635122209,0.299927857181765,5.9969036685679
29863,t2,ColiGuard,1.44830716612397,2.4088403038892,-0.223236370482672,-0.510903189650507,5.85996354539724
29692,t2,ColiGuard,1.18393769328516,2.92239775971738,-0.0560189833707265,-0.616383679754338,5.8113239346155
14188,t2,ColiGuard,1.89584174017182,2.58673642538302,-0.100312839537171,-0.723581462030286,5.77914278357789
14307,t2,ColiGuard,1.64690474435657,3.62908454993103,-0.206868646671784,-1.06321247054765,5.56203521776791
14183,t2,ColiGuard,1.34383223401667,3.38780226734107,0.213688846227063,-0.826012553162565,5.57325253690305
14306,t2,ColiGuard,1.9920886592944,4.05597433212953,-0.376835727070272,-0.922460316404802,5.42376004273039
29901,t2,ColiGuard,1.23980039727929,3.15199392993912,0.359929077117527,-0.751469126986533,5.64429595913024
14163,t2,ColiGuard,-0.881975123753528,3.23695306718834,0.234680092660393,-0.933251860287035,5.56873235126794
14308,t2,ColiGuard,1.17955526942382,3.49995930831755,-0.064521941262884,-0.540286073367099,5.65366142088655
29700,t2,ColiGuard,0.996565070260306,3.37353613773367,0.0907598931333074,-0.607209172623651,5.64987988210143
29704,t2,ColiGuard,0.599908187769016,2.98517289958203,0.0019445468501398,-0.589509932652175,5.73046653434385
14284,t2,ColiGuard,1.51628218799298,3.1447749604148,0.0184821657180953,-0.836434260208968,5.72765768464387
14275,t2,ColiGuard,0.935685755473513,3.04055891095755,-0.107184346470491,-0.807823369399682,5.6867316996877
14231,t2,ColiGuard,-2.83350988268102,2.20562649421666,0.357136899065832,-0.801485866070854,5.72093904400473
14162,t2,ColiGuard,0.758164489618007,3.03857681349363,0.048820752923474,-0.815387776504764,5.56969898778785
14288,t2,ColiGuard,1.53000676549066,3.39001108726238,0.143481329346241,-0.739864669239358,5.51742221242824
29900,t2,Neomycin+ColiGuard,0.67866353699005,3.42222285298763,0.392572820377527,-0.689407234622865,5.58209081302256
14297,t2,Neomycin+ColiGuard,2.08001895071556,3.43219036952025,0.456791655214765,-1.10161221197843,5.63641912695829
29679,t2,Neomycin+ColiGuard,1.23008783386713,3.7323404762717,-0.0889675820756952,-0.638987848939935,5.41026414579948
29943,t2,Neomycin+ColiGuard,2.04914693066499,2.76135849325428,0.181608482330619,-0.809245590058158,5.84185127932452
14263,t2,Neomycin+ColiGuard,1.44498862671947,3.87052999706176,-0.305863011301825,-0.793653125368655,5.51407366806728
29702,t2,Neomycin+ColiGuard,1.2515444599125,2.63144653660759,-0.0293490820797811,-0.318859206901338,5.82460029712132
29715,t2,Neomycin+ColiGuard,0.877066713652079,3.47451236517626,0.0921553970581084,-0.321698375925346,5.78290918200574
14195,t2,Neomycin+ColiGuard,1.51346748227327,3.1520497779738,-0.0753969823475029,-0.538052704687183,5.63631958091103
29655,t2,Neomycin+ColiGuard,1.08187223397101,3.55608882839267,-0.140154882500886,-0.42967803752623,5.11069884197685
14171,t2,Neomycin+ColiGuard,1.82968261154584,3.28315025747904,0.409967663094247,-0.885304453434115,5.27024654479022
29745,t2,Neomycin+ColiGuard,1.75782233625148,3.00053890101854,0.224002401142927,-0.756726731213132,5.68490625495844
29645,t2,Neomycin+ColiGuard,0.950024340451358,3.20162032824293,0.383895011543519,-0.948480551589065,5.66234436039607
29643,t2,Neomycin+ColiGuard,0.519196398776362,3.13809732754858,0.516972728478145,-0.254939144638563,5.85945111996409
14261,t2,Neomycin+ColiGuard,1.93173353839026,3.22349048721007,0.397289771209514,-0.83544884727994,5.82263102139519
14186,t2,Neomycin+ColiGuard,0.695508001547136,3.19297643093647,0.0615701682823253,-0.624936035455806,5.57150340879278
29646,t2,Neomycin+ColiGuard,1.39042927752511,2.98850638196142,0.416543692154152,-0.603178204571654,5.75970734131622
14190,t2,Neomycin,1.48955251383382,2.97907640057808,-0.599859833928374,-0.559847668700368,5.29395370690904
29797,t2,Neomycin,0.961725705701133,1.7208243512086,0.258631907543559,-0.283669643979069,5.53137326149248
29781,t2,Neomycin,-0.226253743891597,2.67136979794418,0.492823875915798,-0.592614420951614,5.27039633757917
29668,t2,Neomycin,1.61730806512878,2.3947037459139,0.0883179451312229,-0.583290056079909,5.72413704595237
14265,t2,Neomycin,1.64375357572027,2.04688426226535,0.37946355817291,-0.710906021760737,5.46456683458741
29653,t2,Neomycin,1.93924461576159,3.88544420331484,-0.265166913365006,-1.02568226277286,5.43411931760267
29633,t2,Neomycin,1.96878043920196,3.10005834440282,0.0628970744024307,-0.903750129531929,5.63829892084192
14208,t2,Neomycin,1.54758579326496,3.20297880288221,0.268094837565187,-0.754900552382995,5.6759437709371
14305,t2,Neomycin,1.38281511003237,2.62931120964349,0.700580526895111,-0.494592294143547,5.70187453557549
29949,t2,Neomycin,1.92805372547982,3.61343115275107,0.480052575857769,-0.854404997556955,5.25958479207637
29796,t2,Neomycin,1.425380426714,2.5815701498894,0.0229949195079962,-0.381154449115146,5.62943011112461
29777,t2,Neomycin,1.64778581472152,2.51898121069611,0.208443667444372,0.0209921357101071,5.82736974496373
29847,t2,Neomycin,-0.0227388715977637,1.97368749887217,1.10632526052119,-0.901951174397173,5.38283989365228
29793,t2,Neomycin,1.44926346773196,3.23404752990653,0.336733324591025,-0.752954002534986,5.64463056960741
29753,t2,Neomycin,1.71361726552704,2.89571922783849,0.0394228060429799,-0.677400192817514,5.70428868667285
29743,t2,Neomycin,1.91660039155323,2.35642540926738,1.55844087520993,-0.819956970600593,4.75626977799066
29718,t2,Neomycin,1.44700437821871,2.94034965648467,0.179291929636376,-0.708130460960359,5.67694190211386
29694,t2,Neomycin,1.6713898318738,3.34008218309823,0.0718315352993716,-0.918253300241331,5.66923075175853
14260,t2,Neomycin+ColiGuard,1.5239192375245,2.80844599848223,-0.126310011312663,-0.668662964399215,5.83253644585893
14262,t3,D-Scour,2.02840417344208,3.62842275365595,-0.135625014141151,-1.316577880032,5.31773821083772
14322,t3,Control,-1.05996199926318,3.15703095152346,0.0780405194491364,-0.76912813083604,5.59669337858788
14187,t3,Control,-0.364380825050996,3.41914296885958,-0.00602499234103857,-0.582156101024972,5.58612890021395
29665,t3,Control,-0.312603336385016,2.71153055732896,0.47178943831009,-0.71207601760888,5.72421636075447
29705,t3,Control,0.531069721570195,3.20541414803904,0.326833996349024,-0.374512364714738,5.74053457216796
29654,t3,Control,1.0765875491193,3.14091770585013,0.32930324266226,-0.458437138106762,5.62786212403242
14184,t3,Control,0.206978306546955,3.29936072592194,0.429913362428983,-0.328169905240556,5.87478224009979
29666,t3,Control,-3.35613630941718,2.13082808688444,0.209732071003521,-0.94048689583529,5.61626364274783
29948,t3,Control,0.742082867926277,3.23653790433088,0.0277311616629743,-0.602566308446873,5.61597795491237
14159,t3,D-Scour,-1.85304070336971,3.06968552007307,0.0637435946615959,-1.10677589381872,5.60185060238889
29752,t3,D-Scour,-0.0836113369718028,2.88476723098028,0.491985969566507,-0.600097623933362,5.68748626563581
29875,t3,D-Scour,0.418771442156707,2.95188733966564,0.286686553961153,-1.00237639084773,5.73340177097759
14276,t3,D-Scour,1.28196538011125,3.05652398205869,1.03091318986354,-0.322902497043945,5.19603926794259
29864,t3,D-Scour,0.337017610736728,3.00224390238192,0.0449968325939624,-0.530578469621454,5.75098020641176
14317,t3,D-Scour,-0.507067793084018,2.99903836777996,-0.0130678711222976,-0.680038229662962,5.63984446738716
29742,t3,D-Scour,0.871278323537657,2.33039240928992,1.08521195319266,-0.553816211735507,5.15795802736804
29846,t3,D-Scour,-1.3016874880768,2.90888052270033,0.303906689707094,-0.490023679802778,5.71976172625642
29961,t3,Neomycin+D-Scour,1.36887959665868,3.0191472557636,0.128133537289473,-0.844267601052749,5.6171658662678
29652,t3,Neomycin+D-Scour,1.2506929454452,3.07905524252185,-0.0224718606080935,-0.702925195680486,5.46308739124213
29951,t3,Neomycin+D-Scour,0.825336494532352,3.53507090975721,0.0569642350090179,-1.07069116758009,5.50737409043035
29934,t3,Neomycin+D-Scour,0.293959263794606,2.85394080120685,0.152272793410041,-0.749612106337978,5.5979196762383
29865,t3,Neomycin+D-Scour,0.0462906990656735,2.55473354423423,0.0904772043944225,-0.499812829992777,5.50977494880633
29667,t3,Neomycin+D-Scour,1.06696380004481,3.38704746128802,0.0926103354815089,-0.195436322179328,5.73978355446399
29931,t3,Neomycin+D-Scour,-0.646015590609811,2.36142321154752,0.174485617420728,-1.12014405537827,5.5558521353307
14320,t3,Neomycin+D-Scour,1.31132587794738,3.50205117727574,0.381330078501079,-0.58991754743428,5.4022306387154
29924,t3,ColiGuard,1.64175406894818,2.74830453281571,0.212593447451433,-0.688494298394555,5.53909378568004
14209,t3,ColiGuard,-0.106802657323785,1.78258461491571,-0.124711659141426,-0.637733012779476,5.53275767765885
14188,t3,ColiGuard,0.105245737135115,2.85125581196422,0.0902311815061257,-0.943083286554474,5.70595525823768
14306,t3,ColiGuard,-0.0114895252449945,3.3849875758321,0.251142150436245,-0.649125585282918,5.64470003512823
14308,t3,ColiGuard,-0.876028731862803,2.365568337726,0.247853300950903,-0.836499541826779,5.75530533999216
29700,t3,ColiGuard,-0.142282794930206,3.237508450549,0.0199542006787214,-0.356650571624087,5.74396198071861
29704,t3,ColiGuard,-0.624335007777922,3.16820375180982,0.15855074240773,-0.764347292667184,5.67119132096064
14288,t3,ColiGuard,1.0186520300686,3.24112619001689,0.315746903677476,-0.805113600551267,5.44804360477751
14263,t3,Neomycin+ColiGuard,1.84960827183121,2.42769987979321,0.15981050155679,-0.778921774986903,5.66908527922808
29702,t3,Neomycin+ColiGuard,0.81822622479761,3.2672447126743,0.349836022439372,-0.343964159905398,5.64795706909514
29715,t3,Neomycin+ColiGuard,0.438123903290572,3.26153011259122,0.238013763852792,-0.229597574665154,5.72067758824077
14260,t3,Neomycin+ColiGuard,1.93335785309709,3.3489073241818,0.00956916067099309,-1.00810788296308,5.55949731208723
29643,t3,Neomycin+ColiGuard,0.523488758570753,2.958151218582,-0.0210873573071249,-0.500660646706437,5.59904064386237
14261,t3,Neomycin+ColiGuard,1.82517658464389,2.59324850272845,-0.180730558057324,-0.980734377939103,5.69703446744022
14186,t3,Neomycin+ColiGuard,-0.178452890032722,3.02536585817592,0.153556498854252,-0.595456304580531,5.64494501303668
29646,t3,Neomycin+ColiGuard,1.02518070755435,2.8850859236882,0.332343804003191,-0.732867738292465,5.61201307151745
29781,t3,Neomycin,0.0665787460466522,2.79874471670425,0.330165529066588,-0.727816460815964,5.66093581143035
29668,t3,Neomycin,1.78120675762911,1.71742509388507,-0.103216319246954,-0.462989159621062,5.77612570903433
14265,t3,Neomycin,1.81846098498147,2.48362243865553,-0.38322187035504,-0.813719495434933,5.64525954361596
14208,t3,Neomycin,0.121248213908613,3.35705059827611,-0.0140057920007855,-0.397487020269229,5.4973366433475
29796,t3,Neomycin,0.776525912182268,2.34510238342709,-0.052205461522669,-0.384770956201091,5.27451692366909
29847,t3,Neomycin,-1.10267455381873,2.76382369427848,0.40074791445045,-0.654317406999205,5.82319307518499
29753,t3,Neomycin,0.743989274080395,3.01559799160785,0.235728150054296,-0.404906820169412,5.66725921814229
29694,t3,Neomycin,0.918934181908006,3.51741366422896,0.091682776362174,-0.833872033711405,5.67881059888941
29912,t4,Control,0.092707453294976,2.46318953194438,0.267712918986195,-0.766836528104047,5.78404085620707
14160,t4,Control,-1.12739350186655,2.63281269112946,0.209220252753181,-1.4696985504004,5.65585073790802
29707,t4,Control,0.466940866938864,2.52264550500211,0.171202721553288,-0.805457856249814,5.68508734491114
14322,t4,Control,-1.04852509423356,2.90740009520147,0.186061470686712,-0.907331248807565,5.59968002204877
29913,t4,Control,1.1695997785649,3.01881880680326,0.0618241499717294,-0.55217304494856,5.61361867435665
14187,t4,Control,-0.0833560368686348,2.96500812709675,0.0773232668036155,-0.955972229503231,5.66615143274514
14286,t4,Control,1.56899902501768,2.99014434787188,-0.137218776204116,-0.272580776333728,5.36118389588399
29962,t4,Control,-1.92245005892219,1.74148727056828,0.34025463354767,-1.34514868001316,5.64983932096509
29665,t4,Control,0.328872752155397,2.75450574677901,0.324910629710337,-0.836896705389531,5.78038580450361
29939,t4,Control,0.555194165652576,2.6216920152808,0.40662322638263,-0.710810213159379,5.71358062125657
14161,t4,Control,0.275042118171221,2.2433351504715,-0.226912930518989,-0.317142034908671,5.41351121271966
29705,t4,Control,0.488717155549924,2.57102912440049,-0.151468362455287,-0.659505073970995,5.52192873974678
29654,t4,Control,1.85548819890719,3.42733042033823,-0.0784434105199231,-0.708218838076614,5.44306398351339
29898,t4,Control,-0.377013534920972,2.1959672887946,0.0810244124149862,-0.558469007337554,5.2593715771711
29631,t4,Control,-0.547726214059121,1.72726748238256,-0.0900415429140891,-0.750664318708816,5.33047770208921
14184,t4,Control,1.02468031667711,2.79824183746002,0.272907983688607,-0.0459724735353286,5.60439498641721
29666,t4,Control,-0.0462051829131345,2.27658599888541,-0.142697732699879,-0.746873852668814,5.74577480742468
29948,t4,Control,0.291475279460404,2.16794284685323,0.208444665532438,-0.954191960989973,5.61944154582757
14233,t4,D-Scour,1.36183215567334,2.90120069706796,-0.114958204423294,-0.668829988356075,5.61277713764146
29792,t4,D-Scour,0.147253307996124,2.57254843805497,0.760485269876918,-0.538271633718077,5.82819033336562
14159,t4,D-Scour,0.77309340655617,3.48120367505526,0.0656714674289656,-0.527724865262001,5.27978976955533
14205,t4,D-Scour,0.580064111744527,3.29000382192153,0.546596511728296,-0.0638417968894176,5.73148480176194
29752,t4,D-Scour,2.00663540358343,3.38561944770204,0.536216327639338,-0.893189474528353,5.75941040051202
29875,t4,D-Scour,1.05008596752171,2.1975026228789,-0.398110202620745,-0.758956705783394,5.5055262702675
29644,t4,D-Scour,-0.974456129931647,2.42230667055522,0.0443014272876662,-1.12377838024311,5.36374075082264
29914,t4,D-Scour,0.444290245866563,2.75801298425176,-0.0220738022331907,-0.295950649828955,5.48598087920636
14276,t4,D-Scour,1.46835683905364,3.50213475658528,0.176175973624617,-0.408074420331074,5.5300822191943
14172,t4,D-Scour,1.08644899067038,2.90911720371093,0.100429844226285,-0.630854021552415,5.44399228028229
14262,t4,D-Scour,0.777886149816897,2.65108199554945,0.109447838220709,-0.536503347716052,5.04693621620106
29765,t4,D-Scour,0.366057095299381,1.82211874133328,0.203990080532946,-0.795472016737139,5.73935008865665
29864,t4,D-Scour,1.50215876247758,2.15803571641871,-0.264751474326619,0.0885219483621659,5.60522346106968
29778,t4,D-Scour,-0.194863401415627,2.45429033869026,-0.0411895267671429,-0.772939664978328,5.30084999667411
14317,t4,D-Scour,0.243839406959923,2.76556354145947,0.296069345630767,-0.6003906794821,5.71840367661869
29742,t4,D-Scour,-1.08114271976562,2.63997189278694,0.886712773093096,-1.47640823080615,5.73838972587905
14273,t4,D-Scour,1.35899831554514,3.66729903362706,0.357934775191522,-0.257536823325231,5.54327020807073
29846,t4,D-Scour,0.391064389911402,2.63412510321443,0.131793221758239,-0.835637292439717,5.59539091053808
29961,t4,Neomycin+D-Scour,0.33247158955299,2.72273159072206,0.0543742462206757,-0.570349006377508,5.40147588944618
14295,t4,Neomycin+D-Scour,0.878430065391239,2.84040921897855,0.586715244304096,-0.765353493549723,5.77558286190766
29652,t4,Neomycin+D-Scour,-0.57454933956009,2.63162695646833,0.466149955254203,-0.872590821504149,5.42881681915022
14194,t4,Neomycin+D-Scour,-1.79912785832189,1.85243115852721,0.405564703056042,-1.34130564267684,5.55613974006543
29691,t4,Neomycin+D-Scour,0.531355808576701,2.30128491011426,-0.0160025309282121,-0.67095969733189,5.24499662944409
14174,t4,Neomycin+D-Scour,0.505218794787731,3.06216251189073,-0.268657500364456,-0.955916080092427,5.06094416683053
29951,t4,Neomycin+D-Scour,1.59494246901277,2.98065033842099,-0.0455205102166674,-0.70991273115419,5.42111553050364
29703,t4,Neomycin+D-Scour,2.00811517189559,2.97555265461316,-0.33499610573359,-1.01404743142629,5.54826446899796
29934,t4,Neomycin+D-Scour,-1.21073510788383,2.27505749715474,0.0594541934191209,-1.44815683634613,5.6390097124584
14193,t4,Neomycin+D-Scour,0.800502850204108,2.64100719543143,-0.0213047064909086,-0.715161451728068,5.56533911990581
29865,t4,Neomycin+D-Scour,1.23808514345875,3.14977751238286,-0.00749078772947182,-0.593861723007239,5.56076751843317
14201,t4,Neomycin+D-Scour,-1.24057201680905,2.04882590267616,0.344027243686521,-1.34501131042088,5.64778839393519
29667,t4,Neomycin+D-Scour,1.84850503137416,1.76612990866828,-0.638607276972427,-0.378435976332685,5.24579897970398
14298,t4,Neomycin+D-Scour,1.00566805710216,2.65148620376273,-0.178947575449032,-0.387508066676342,5.35790644824445
29931,t4,Neomycin+D-Scour,0.681303010780924,2.9489597304056,0.0785693140375554,-0.81288766940874,5.42890795920853
29754,t4,Neomycin+D-Scour,1.13681870805343,2.14965347072562,-0.0141321833997933,0.0417198823393489,5.13726505871143
14320,t4,Neomycin+D-Scour,-1.46108941701982,2.31870751791816,0.511383904173902,-1.08535631993604,5.74222899881563
14287,t4,Neomycin+D-Scour,2.02906398181457,3.73599610272023,-0.00596345254165556,-0.459514891220395,5.52363200459642
29924,t4,ColiGuard,2.41584277354256,3.18434330247592,0.280184092557301,-0.870557895011818,5.75593155047792
14209,t4,ColiGuard,0.690700083741454,3.30709324432607,0.332079391908103,-0.73155067131772,5.62392759092718
29863,t4,ColiGuard,-0.236404123231629,2.46743496369298,0.223929397655399,-0.950656516082285,5.61129524248252
29692,t4,ColiGuard,0.793960504122613,2.86320903715637,0.0838557699673318,-1.13459888073826,5.60701058961583
14188,t4,ColiGuard,0.766780855883068,3.05313509403487,0.0282084857179723,-0.687298246038372,5.75323923226301
14307,t4,ColiGuard,0.129249118103351,2.57230918947806,0.154514067823472,-0.674172251798724,5.41311015690024
14183,t4,ColiGuard,1.54909243217307,2.22490245492478,-0.323472447711973,-0.451277641659584,5.64792939704584
14306,t4,ColiGuard,1.32601438595891,2.97502407111523,-0.132770867850258,-0.65650952948877,5.43051382129371
29901,t4,ColiGuard,1.36934717195027,2.89457781281128,0.404463621931422,-0.377988359852675,5.75266999509024
14163,t4,ColiGuard,1.22178886771488,2.80851367357372,-0.0247053160832022,-0.832437704777686,5.62733251399416
14308,t4,ColiGuard,1.31530170107865,3.41347425349373,0.306806889185936,-0.761089273157231,5.5764193248757
29700,t4,ColiGuard,-0.369735086031904,2.81758652971992,0.417293881756082,-1.13541016440956,5.54659315212049
29704,t4,ColiGuard,0.518272213687676,2.80432088421591,0.241808081242979,-0.798890507315675,5.41971134470545
14284,t4,ColiGuard,1.80655382859061,3.16709873617311,-0.097921244445678,-0.267095566711863,5.55266042951461
14275,t4,ColiGuard,-0.234807860222938,2.45672271528217,0.305749143949771,-0.97512301113572,5.65652879298507
14231,t4,ColiGuard,0.971310282939676,3.12667469965903,0.0732810617990953,-0.899304459445124,5.63244686036707
14162,t4,ColiGuard,0.605234396543448,2.66093694944428,-0.194553034536103,-0.758423425865474,5.55757012521539
14288,t4,ColiGuard,-0.274029031088411,2.84948060157429,-0.377221160556387,-0.874765086863379,5.19145288116503
29900,t4,Neomycin+ColiGuard,-0.0248270568057158,2.6820795514579,0.215067116961523,-1.16227277801384,5.58925927017296
14297,t4,Neomycin+ColiGuard,0.113795404715008,2.809144732174,0.649654430804842,-0.396116039745592,5.50637262693926
14274,t4,Neomycin+ColiGuard,0.573080501752096,2.38490544478588,0.414594119675585,-0.519980178666086,5.83119042076386
29679,t4,Neomycin+ColiGuard,2.55103019008181,2.86179597922608,-0.142565960218888,-1.01425466315774,5.59562885840064
29943,t4,Neomycin+ColiGuard,1.38036001748413,2.55996721969686,0.530024608231153,-0.700541079859886,5.64824131181505
14263,t4,Neomycin+ColiGuard,0.752770394874263,3.19121743724816,0.0604718893058045,-0.930032261298157,5.57011379373839
29702,t4,Neomycin+ColiGuard,1.05125174191038,3.7613128940204,0.128600991560716,-0.724114501123848,5.41942076695992
29715,t4,Neomycin+ColiGuard,-0.276490712185217,3.02717676319347,-0.0285763749228744,-0.801772371799264,5.48703833002447
14260,t4,Neomycin+ColiGuard,0.614379009827837,2.68992965063835,0.246589747599996,-0.643431546525529,5.69727806038309
14195,t4,Neomycin+ColiGuard,2.40381360177444,3.29974411842277,-0.0793175123733658,-0.699157278458641,5.57660146726368
29655,t4,Neomycin+ColiGuard,1.30328627870211,2.40630502337372,-0.549372849904959,-0.108357859634841,5.29522307999736
14171,t4,Neomycin+ColiGuard,0.86482766987402,3.4830669518924,-0.308757941823692,-0.420881226539516,5.3304052328488
29745,t4,Neomycin+ColiGuard,2.07066162494367,3.05493096910116,0.0851075904205063,-1.34858082546744,5.74114914138793
29645,t4,Neomycin+ColiGuard,-0.571462051123284,2.89244517090016,0.159530300781973,-0.889176172481496,5.72786854532548
29643,t4,Neomycin+ColiGuard,1.69033092823587,1.70951673035325,-0.468709015319523,-0.556853100023723,5.65161462799348
14261,t4,Neomycin+ColiGuard,2.09568300846814,2.67262152461124,0.145681799915974,-1.0313763454681,5.62389690926328
14186,t4,Neomycin+ColiGuard,1.47744508396415,1.47617173445674,-1.05847066584311,-0.299655429012531,5.04954862548997
29646,t4,Neomycin+ColiGuard,1.82548918445965,2.8964024719527,0.136229065182067,-0.834371424158505,5.69477535214225
14190,t4,Neomycin,-0.559448023383064,2.71122587015588,0.0375583274886535,-0.848414471246354,5.62516984057308
29797,t4,Neomycin,0.337909985519668,2.2732027730689,0.432913798226218,-0.731661410781991,5.56534080011988
29781,t4,Neomycin,-0.997588683841331,2.45961028753595,-0.139998872721259,-1.03635633563718,5.34944596644827
29668,t4,Neomycin,0.635871524579454,2.50036407285142,-0.340719764496538,-0.697559154320838,5.3429172397425
14265,t4,Neomycin,-0.171820098323236,2.57087784905478,-0.061184992282312,-1.01102319546569,5.60926292184106
29653,t4,Neomycin,0.503398304216708,3.00077744807469,0.219651056997022,-1.18045399094725,5.31900157155436
29633,t4,Neomycin,0.635428260163681,2.43196861580015,-0.132758741054971,-0.929784429497222,5.58683582559727
14208,t4,Neomycin,1.30571293889771,1.91879062335687,-0.115594760856026,-0.168770919394846,5.7388786888554
14305,t4,Neomycin,0.67631461954481,1.69769238624163,-0.163015445775834,-0.815770286314427,5.66665423716241
29949,t4,Neomycin,1.68155103667396,2.82007284260485,-0.125876938317973,-0.944283369811204,5.54192258577962
29796,t4,Neomycin,2.19576992409947,2.3989080980567,-0.997803623259919,-0.229826335745589,5.19556879899026
29777,t4,Neomycin,-0.0821729259191837,2.38059427731862,-0.166768036703966,-0.594610073815129,5.21987387719378
29847,t4,Neomycin,2.03178986537946,3.81899941264887,0.798528608603237,-1.02161900531808,5.59054268006327
29793,t4,Neomycin,0.0351042591695363,2.57332918029604,0.63621754842071,-0.80414756507938,5.67451466481679
29753,t4,Neomycin,1.43688005279895,2.7227354721779,0.193929886588728,-0.748300647217282,5.64691361473957
29743,t4,Neomycin,1.98556596439512,3.08489475945314,0.414539941830098,-1.0389736217163,5.72417974453722
29718,t4,Neomycin,0.845814667074932,2.37570538453397,0.287210505979756,-0.838907874149347,5.83803876069228
29694,t4,Neomycin,0.781052800534424,3.34415469452474,0.137343965012497,-0.788335724363298,5.72923551467829
14233,t5,D-Scour,1.42101165118981,3.4409745582013,-0.339489467398821,-0.631908958442554,5.48987865404642
29792,t5,D-Scour,-1.59554422209591,1.63364400993249,0.809731318783453,-0.848768581283395,5.92148619102584
29914,t5,D-Scour,-0.451452696882512,2.72740228970391,-0.603624810970861,-1.11711022670894,5.05941595134023
14172,t5,D-Scour,0.363053114159953,2.84448344502657,0.0591682047967506,-0.787669210698545,5.39073748028547
29778,t5,D-Scour,0.622214529458758,3.2402004907064,-0.0686354317031123,-0.760677902966035,5.4541955712282
14273,t5,D-Scour,0.904875573805668,3.35232196024671,0.0819603738795561,-0.266595663457475,5.16199700480453
29863,t5,ColiGuard,0.178132659119101,2.54842600072751,0.976384896924729,-0.418272960030453,5.60961652910167
29692,t5,ColiGuard,-0.0271892838447176,2.80540669738198,-0.037808670894118,-0.938451425314103,5.47360400721907
29901,t5,ColiGuard,-0.202383064060689,2.42834577239282,0.450044282903599,-0.650166960638675,5.80499466899595
14163,t5,ColiGuard,0.429750386717261,2.71122596338876,-0.0387901152320949,-0.544824877696531,5.47865594404971
14231,t5,ColiGuard,0.414410095680401,2.96876724907962,-0.0788163216766675,-0.67449073633956,5.42985845805027
14162,t5,ColiGuard,-1.29427926822254,1.89377567525779,0.254858401466105,-1.38925384318256,5.50752520062593
29691,t5,Neomycin+D-Scour,-0.840199110383484,2.11716856235727,0.323662620938343,-0.798811103488836,5.49202818501054
14174,t5,Neomycin+D-Scour,-0.224166081649911,2.40573753008431,0.127582229187325,-1.01781032516962,5.47927194539365
14193,t5,Neomycin+D-Scour,1.49014190577115,2.61763809793436,0.233219006003961,-0.496089379130675,5.80012604862608
14201,t5,Neomycin+D-Scour,0.239277664850259,2.84220260541612,-0.0187550608462673,-0.445615374494583,5.46393913422197
14298,t5,Neomycin+D-Scour,1.74699762837611,3.47179400093995,0.124157527878284,-0.393800583921255,5.70186171934331
29754,t5,Neomycin+D-Scour,0.310542555236419,2.49587946652919,0.42910027061638,-0.943294070048828,5.75451302516695
29900,t5,Neomycin+ColiGuard,0.564154465908517,2.45780235962309,0.283182312073035,-1.08914768632278,5.72178831856666
29943,t5,Neomycin+ColiGuard,1.22085067870998,2.16353998502014,0.0913250827456819,-0.975515898972075,5.62235173210459
29655,t5,Neomycin+ColiGuard,1.0671400544411,3.46476397259664,-0.644271666613356,-0.832383286409223,4.81811064486275
14171,t5,Neomycin+ColiGuard,-0.252702205327425,2.79272600551086,-0.141833007331874,-0.990221667177151,5.41946441817139
29745,t5,Neomycin+ColiGuard,-2.09103211286861,1.27972530338878,0.740874310384347,-1.45818422979644,5.77981458389615
29645,t5,Neomycin+ColiGuard,-0.577433705073211,2.52621462305704,0.298389939608272,-1.23653456057599,5.64038617058752
29707,t6,Control,-0.283728232343245,3.36116922431669,0.0498212880649268,-1.1183734572138,5.26479989331758
14322,t6,Control,0.251567892302972,3.58350866775906,0.302199602996744,-0.239869763221361,5.79007397242398
29913,t6,Control,1.91804229123203,4.62458094941938,-0.217983117776547,-0.749331940641474,5.1368326079293
14187,t6,Control,-0.436348546590254,3.18086724032312,-0.224099781462435,-0.93294743340603,5.11302241579653
14286,t6,Control,2.11551334535805,4.33972160995044,-0.191292501157526,-0.611571776861105,5.29856212271148
29962,t6,Control,1.33548884248446,4.22536015057353,-0.102131572760662,-0.690450495265363,4.91396768447795
29665,t6,Control,0.795399876514417,3.17602152866823,0.411737905287163,-0.602401550331532,5.73365727694123
29705,t6,Control,1.13552021210217,3.39145004798353,-0.256696943568728,-0.246342560980262,4.73244162262968
29654,t6,Control,1.02892172105982,3.540514093037,-0.132235768694564,-0.285604890950308,5.35971258969249
14184,t6,Control,1.67594886099887,3.06632318733387,-0.0587594784005924,-0.713441337465584,5.60592224752531
29666,t6,Control,0.846127754510933,3.21188986170878,-0.0172136627611181,-0.49574933485728,5.33591288268191
29948,t6,Control,0.419210097767445,3.31512866757357,0.166123302102652,-0.84159619744335,5.40968901979921
14159,t6,D-Scour,-1.35351063477565,2.47440481340211,0.201353852697943,-1.22320450027188,5.40206258924779
14205,t6,D-Scour,0.908171387686684,2.38085078763127,-0.29477242955133,-0.517711201195346,5.49362073226656
29752,t6,D-Scour,1.05242155784529,3.39720592902983,0.165408166258388,-0.978531599114615,5.48312428833015
29875,t6,D-Scour,1.69230674560908,3.8014170973092,0.131084015149342,-0.524259291175201,5.41378187705569
29644,t6,D-Scour,-0.291266132776788,2.5802774224248,0.526927091995313,-1.07179951641466,5.68153363733255
14276,t6,D-Scour,-0.705222493994152,2.16386915748417,0.282440800888768,-1.00078211434853,5.51789571271198
14262,t6,D-Scour,1.63964675713394,3.51896260083143,0.212340394984662,-0.442530160268736,5.49561570897765
29765,t6,D-Scour,1.34761183426301,3.13405191308304,-0.115120766181897,-0.394161282968539,5.12039224750396
29864,t6,D-Scour,2.16586222933957,2.60533503003828,-0.138007320076735,0.0984194788308956,5.57905773999302
14317,t6,D-Scour,0.583819927572219,2.77713066905902,0.226398337761907,-0.748611737308907,5.75741561622602
29742,t6,D-Scour,1.351009438955,3.47049740434591,0.355969286324325,-0.827122826536656,5.69162279927054
29846,t6,D-Scour,0.178981235296461,3.17011123549903,0.313779887567214,-1.16476788033918,5.60327077524634
29961,t6,Neomycin+D-Scour,-0.519789006727139,2.58075532375996,-0.00163303098011269,-1.09058575943536,5.45958722736883
14295,t6,Neomycin+D-Scour,1.30631194001579,3.1259032123263,0.0679870915783006,-0.716016516099257,5.54679699120669
29652,t6,Neomycin+D-Scour,0.223621266537505,2.53868500284841,-0.347730802752787,-0.634237059523505,5.16777710185347
14194,t6,Neomycin+D-Scour,0.524402680452398,2.9308302477867,0.543487399198767,-0.47393869997745,5.31151920395189
29951,t6,Neomycin+D-Scour,1.0188962218063,3.12620423428473,0.174879122909243,-1.04032762667666,5.58073630484633
29703,t6,Neomycin+D-Scour,1.86779513965737,3.34591898619138,-0.278944379832509,-0.853884196227567,5.3157548349733
29934,t6,Neomycin+D-Scour,1.31861678594613,2.8592106128436,-0.190106764355288,-0.914875763904804,5.36453896268029
29865,t6,Neomycin+D-Scour,2.22023418891713,2.28354605494824,0.163974460357265,-0.731879280200586,5.5979217323019
29667,t6,Neomycin+D-Scour,1.15656034047839,2.20564409887405,0.0716344764020703,0.067198858471068,5.14033405031916
29931,t6,Neomycin+D-Scour,-1.33801221258062,2.39417720372719,0.127693189145568,-1.00444108305063,5.34871372555632
14320,t6,Neomycin+D-Scour,0.312498488766764,3.5547179533838,0.19800913633845,-0.237266579692154,5.46518525184284
14287,t6,Neomycin+D-Scour,1.96327426482435,3.15587042318662,0.17747046179441,0.000850302403449743,5.75822395550175
29924,t6,ColiGuard,1.34035357177734,3.0386878619836,-0.177379830737796,-0.704352118509253,5.21441960006828
14209,t6,ColiGuard,0.43841060703912,2.46785836107545,-0.0349535712359658,-0.665114821459717,5.32327148309019
14188,t6,ColiGuard,-0.387035788364852,3.11253458857215,-0.164950445603554,-0.660819825190483,4.65972970463897
14307,t6,ColiGuard,1.20222029937148,3.32755736778601,0.808642077489493,-1.01101033765789,5.70185611949426
14183,t6,ColiGuard,2.15324020773534,3.99279628470274,-0.0881336328584091,-0.797403868734597,5.15951795573494
14306,t6,ColiGuard,1.3303706960516,3.4072194520827,0.288157991345889,-0.573506307930276,5.47823773792668
14308,t6,ColiGuard,-0.0305170177061815,3.39280956873449,-0.0493804713852718,-0.558577970948424,5.2662498462252
29700,t6,ColiGuard,0.205964014019452,3.66942760669371,0.304624169370671,-0.998602446516479,5.39846342337358
29704,t6,ColiGuard,-0.436230469291666,3.60102435202428,0.243516979054274,-0.646565593036523,5.07758348073808
14284,t6,ColiGuard,0.531128352873605,3.14238794951662,-0.0929773659890478,-0.622355639650789,5.21019590508079
14275,t6,ColiGuard,0.356096413919934,3.50138368745223,0.741717945154104,-0.232174008371326,5.39686091449168
14288,t6,ColiGuard,1.61796047134042,4.51440341347131,0.477953124732984,-0.381740785080556,5.50857032532134
14297,t6,Neomycin+ColiGuard,1.84470762443054,3.21407929055165,0.00892012349418947,-0.61295658139082,5.58703341838413
14274,t6,Neomycin+ColiGuard,1.66554703390655,3.28943281493667,-0.161763422814027,-0.39222629760679,5.38020518965384
29679,t6,Neomycin+ColiGuard,1.94018667694731,3.61000576492837,-0.0305126759523905,-0.616813628995771,5.48099378949116
14263,t6,Neomycin+ColiGuard,1.20007224488885,2.88706039741532,-0.0920824287617706,-0.865762582389954,5.57376333189172
29702,t6,Neomycin+ColiGuard,0.465868766807926,3.59353178038005,-0.0598995880162351,-0.691224467114205,5.31542263968142
29715,t6,Neomycin+ColiGuard,1.88204607223743,4.75737126823038,0.236472007246151,-0.729921729382107,5.30108833256049
14195,t6,Neomycin+ColiGuard,0.630692691056939,3.72755819128131,0.162256961128131,-0.788583817581409,5.08999819286562
14260,t6,Neomycin+ColiGuard,-0.178341217649415,2.8577165314616,0.0615922016811872,-1.08869582890654,5.2413041779228
29643,t6,Neomycin+ColiGuard,0.238824890427624,3.57586308140515,0.408298629882319,-0.626252010026006,5.21662069437802
14261,t6,Neomycin+ColiGuard,0.713394098523204,2.85366382947095,0.353304765505074,-0.949048528793237,5.82085889483533
14186,t6,Neomycin+ColiGuard,1.49568697523321,4.24554225666737,-0.472908595176725,-0.169343727474741,5.18261886274631
29646,t6,Neomycin+ColiGuard,1.19857769729323,3.62110122611551,0.35370392126469,-0.82665878030302,5.58705531124346
29781,t6,Neomycin,0.664084125555329,3.38644993176194,0.514093224332206,-0.851336530173431,5.74103112245593
29668,t6,Neomycin,-0.771995035883026,2.84092068278542,0.230013592906591,-0.896585874332796,5.4604668867991
14265,t6,Neomycin,0.22996029782363,3.22393136959015,0.0394915488964309,-0.880066818753283,5.54010212347292
29653,t6,Neomycin,1.58327511085924,4.11348373162555,0.249007109169016,-0.403961038836234,5.47942331773415
14208,t6,Neomycin,1.17465978383366,3.46215789673634,0.355391944115469,-0.967264030834316,5.82774689506722
14305,t6,Neomycin,1.67662424548509,3.97844679261684,0.211889509584378,-1.00107872474106,5.60380192362819
29949,t6,Neomycin,0.943881142347612,3.24672094519444,0.107627451083603,-0.961266777941758,5.49148985460688
29796,t6,Neomycin,0.942066532304424,3.8583942468726,-0.125361136682994,-0.282309283747343,5.31498664890294
29847,t6,Neomycin,0.584292051662521,3.54117993150333,-0.0850104496080687,-0.887053956558788,5.33303195738178
29793,t6,Neomycin,0.657316619641286,2.70353461717373,0.333816182531189,-0.684193545037802,5.74445503781346
29753,t6,Neomycin,1.92994910797994,4.16058777799676,0.292602564581656,-0.921056760149217,5.44564568482973
29694,t6,Neomycin,0.210433596948633,3.49025664470233,0.206074397222418,-0.916855297144294,5.46344028263893
14322,t7,Control,0.856775657588731,3.7179694660025,0.0124905435555555,-0.388081326876085,5.36006709662176
14187,t7,Control,1.35748779896059,3.69487788963532,-0.354001321269911,-0.650372763793489,5.26444535858461
29665,t7,Control,-0.100444385295371,3.06893487551755,-0.219503622461141,-0.786292735394987,5.14125142526175
29705,t7,Control,1.30142704636742,2.92363835773367,-0.656451119306324,-0.444592444899586,4.98952220817433
29654,t7,Control,1.41771397703627,3.74343888766125,-0.426564385869662,-0.549732918291258,5.27348649341459
14184,t7,Control,1.73886077084653,3.47363294379778,-0.336164611007366,-1.01087877104229,5.38298565983603
29666,t7,Control,-0.197078905410325,3.06230288428211,-0.0611775034142141,-0.973226348568044,5.43609490248223
29948,t7,Control,-2.17317102424556,2.24899945395583,0.256578947363546,-1.25791069786515,5.48036852397334
14159,t7,D-Scour,-0.621332146066232,2.83049183000215,0.292295617423104,-1.20243080124169,5.49786555616908
29752,t7,D-Scour,0.456702496828748,2.89010158894883,-0.109491234989392,-0.958600405991946,5.29236617822954
29875,t7,D-Scour,0.789485605174693,3.47200684140977,0.0490624139279277,-0.667245122724439,5.45764505726801
14276,t7,D-Scour,1.60554060964876,3.57142515206203,-0.344958756573615,-0.454534669124705,5.37385676597337
29864,t7,D-Scour,1.65146008315056,3.1352296929248,-0.393564420912866,-0.227184435945849,5.39181759870557
14317,t7,D-Scour,-0.374332112343273,3.2301804691393,0.084538771396113,-0.329297132106593,5.79582955355174
29742,t7,D-Scour,0.272176298210455,3.81144712075451,-0.15459259134315,-0.66581378767239,5.43142738623603
29846,t7,D-Scour,0.631257634096093,3.35724293070479,-0.155750601398232,-1.24356114747468,5.42710488481214
29961,t7,Neomycin+D-Scour,-0.935887515725899,2.3247162513142,-0.20500993426178,-1.02287430277253,5.12918284795612
29652,t7,Neomycin+D-Scour,1.49035607661852,2.86243735959574,-0.564863560418374,-0.28758708604457,5.13958373704699
29951,t7,Neomycin+D-Scour,0.323191859906959,2.48993890211362,-0.220834599113123,-0.718673119190907,5.07057076898838
29934,t7,Neomycin+D-Scour,1.64218166141172,2.45930932065946,-0.111641879873586,-0.851055856721081,5.68976460895986
29865,t7,Neomycin+D-Scour,0.650525194401437,2.63151463505068,0.0343254787614951,-0.444750542599141,5.808527688609
29667,t7,Neomycin+D-Scour,0.666152762459683,3.187275415863,-0.281009477073863,0.114970995748004,5.11825739868814
29931,t7,Neomycin+D-Scour,-1.71345560132864,2.03148370680468,-0.0304733048991174,-1.24740213062921,5.31084861231532
14320,t7,Neomycin+D-Scour,-0.494770775511647,3.49570200466776,0.0680799277546388,-0.684927088480765,5.68534665691963
29924,t7,ColiGuard,-0.165623596417943,3.51928386906202,-0.168887916231434,-0.791311801840321,5.45064553702842
14209,t7,ColiGuard,1.71713640839131,2.42239663293757,-0.272396345939768,-0.555267800879982,5.17807770960697
14188,t7,ColiGuard,1.69347755586191,3.25674742742158,-0.530515780034014,-0.77884444827583,5.27795377109997
14306,t7,ColiGuard,1.30697901067735,2.81376453151072,0.422462095167959,-0.143400543839329,5.78471046202343
14308,t7,ColiGuard,-0.537135066449573,2.28731503871823,-0.307450271381009,-0.995344203023135,5.33393886984534
29700,t7,ColiGuard,-1.04163450650505,2.68415634084808,0.033411306373168,-1.04132876526349,5.4846893549978
29704,t7,ColiGuard,1.21489684806954,3.8654520225523,-0.171952509871846,-0.325446596599327,5.39750135246165
14288,t7,ColiGuard,1.16705120243042,3.77694293356985,-0.0863033701491146,-0.439843256760015,5.40446874476687
14263,t7,Neomycin+ColiGuard,-0.0661258553430673,2.91993358483562,0.0123730679705276,-0.745519652877146,5.58123504927614
29702,t7,Neomycin+ColiGuard,0.578432682086802,3.56082250249661,0.02667393049859,-0.442590977288052,5.38896594306054
29715,t7,Neomycin+ColiGuard,-0.371845939241141,2.90630992410723,0.169054401995065,-0.709093750772884,5.15140949098499
14260,t7,Neomycin+ColiGuard,0.00925832149142058,2.962134439012,-0.17348637515922,-0.908164753297071,5.49442489995599
29643,t7,Neomycin+ColiGuard,-1.835453782628,2.44473315984518,0.128133465673896,-1.37665960609992,4.99706268347277
14261,t7,Neomycin+ColiGuard,1.56683565914296,3.62092771427253,-0.0285797441222209,-0.457665143558772,5.57451112864634
14186,t7,Neomycin+ColiGuard,0.879328571508468,3.30482055115877,-0.323757759243085,-0.424786867322887,5.27337995389057
29646,t7,Neomycin+ColiGuard,-0.276094755237196,2.6004063033772,0.48923570417079,-0.812151227500187,5.77816118304805
29781,t7,Neomycin,-0.724467393413113,2.70591665726576,-0.272226060228249,-0.803818837862094,5.09493759986101
29668,t7,Neomycin,0.208484472777177,1.79189752077038,-0.826603477094946,-0.492381432664023,5.0447371905735
14265,t7,Neomycin,0.468468472063304,2.82321004114862,-0.114326895263778,-0.652260827012762,5.65439311352023
14208,t7,Neomycin,1.48355187364184,3.41310315492712,-0.195706144578216,-0.680390407158027,5.51149131108667
29796,t7,Neomycin,0.225999117593519,3.26857312828962,-0.100009794745535,-0.493512292780963,5.44499772410001
29847,t7,Neomycin,1.1528956416529,3.42280753233946,-0.0376982130195053,-0.620108816165613,5.51788066653334
29753,t7,Neomycin,1.38037206584926,3.45825185054026,-0.0437446413981024,-0.541307138919573,5.4137200908474
29694,t7,Neomycin,0.973814780871502,3.08627241132254,-0.127850990633633,-0.795155788955904,5.65627256526675
29707,t8,Control,1.88591538718777,2.97376255784667,-0.499809135907097,-0.53074195374066,5.22528713630067
14322,t8,Control,1.51619148643961,4.14131588433217,0.0242506332721606,-0.615226149248512,5.43165313621607
29913,t8,Control,1.5167924731684,3.81029182568541,-0.281386410481018,-0.504600804012819,5.03403361380138
14187,t8,Control,1.65609474998081,3.7138757113648,-0.0315923174982747,-0.419964293416072,5.15179433122497
14286,t8,Control,1.46095348075116,2.99566293443278,-0.377299372314365,-0.41559367256547,5.06970128991828
29962,t8,Control,0.229022293762627,2.23068695809302,-0.225892428249917,-0.523232811247082,4.81665378709661
29665,t8,Control,1.26010450344627,2.66076898535296,0.21342471393689,-0.766648171336066,5.53646562845231
29705,t8,Control,0.505666260487141,2.91714510169605,-0.466444543469385,-0.725348134600021,4.76585313840984
29654,t8,Control,1.38011154576943,3.33099604418291,-0.332404094896018,-0.303990170964028,5.34538245254915
14184,t8,Control,0.929586726260262,3.40030667457278,-0.102810709947832,-0.624582632885111,5.48239887096687
29666,t8,Control,1.50891200454546,1.77275005966198,-0.833427272087172,-0.345473866218903,5.11490859547378
29948,t8,Control,1.23858010799703,3.07515417613367,-0.135937843597886,-0.812519959369802,5.24665083935466
14159,t8,D-Scour,-0.939819367756076,2.69225163104068,0.0728624022278176,-1.02910881964059,5.56463379561682
14205,t8,D-Scour,0.239651324549863,2.21596207998996,-0.424737915023354,-1.04500612157441,5.32548645503198
29752,t8,D-Scour,1.3903182985609,4.06862758952937,-0.362992377944717,-0.758424530172674,5.242233250759
29875,t8,D-Scour,2.44037012524231,3.37238519122504,-0.280584517197696,-0.70746936943868,5.4368995634204
29644,t8,D-Scour,0.368658555735698,3.14378310971612,0.308280389000031,-0.530614828300013,4.87406815614497
14276,t8,D-Scour,1.73584693059573,3.48860662081755,-0.068362725934918,-0.710518472948633,5.51546046277484
14262,t8,D-Scour,1.78394536215298,2.94789597406348,-0.311597806179452,-0.516865390083425,5.47010363878368
29765,t8,D-Scour,0.0693444001932274,2.86626216432158,0.270252447312614,-0.99823720098931,5.28495054995855
29864,t8,D-Scour,1.6827655232878,3.37537817418151,-0.372917395049197,-0.389071372972836,5.27760117477094
14317,t8,D-Scour,0.410076585133839,3.40480160902743,0.168654411249716,-0.936922843348993,5.54875651246641
29742,t8,D-Scour,-1.05525031246652,2.051599411448,0.18270186430432,-1.11357957349476,5.65492635410217
29846,t8,D-Scour,-0.00541952375783539,3.37729168628912,-0.108272520207616,-1.08609347160486,5.41856533001292
29961,t8,Neomycin+D-Scour,1.7756152615332,3.45451048649991,-0.168064829878697,-0.816399102959688,5.29343187566453
14295,t8,Neomycin+D-Scour,1.51803218369789,2.66280448341574,-0.265319234373669,-0.380330840469202,5.4462351940033
29652,t8,Neomycin+D-Scour,0.718450266569659,3.44430178136282,0.0335082953823607,0.494774636978741,5.45850685581228
14194,t8,Neomycin+D-Scour,2.34181280064095,3.41579407566559,-0.290896220848329,-0.712408924629174,5.5201822080278
29951,t8,Neomycin+D-Scour,-0.0278336294068786,2.91624285866253,-0.0182978087634104,-0.572567476389882,4.95220230804514
29703,t8,Neomycin+D-Scour,1.46779958036344,3.12755840798474,-0.321021926790627,-0.698501497115654,5.17633304550976
29934,t8,Neomycin+D-Scour,1.89921778283345,3.37150130303171,0.0349843461543815,-0.905507715122175,5.59725895046094
29865,t8,Neomycin+D-Scour,2.38775662768921,2.69770232611924,-0.167106517498667,-0.802303712212338,5.70041834794977
29667,t8,Neomycin+D-Scour,1.52739357662932,3.6582812804036,0.113683059377736,-0.426822599183185,5.65740379128955
29931,t8,Neomycin+D-Scour,0.251597283623366,3.23523099423424,-0.209706485221482,-0.973400947423008,5.15958861828966
14320,t8,Neomycin+D-Scour,-0.270939881111939,3.46247464363952,-0.0982457824357747,-0.808866122180192,5.17279927317905
14287,t8,Neomycin+D-Scour,2.16570733994282,3.03933396927968,-0.08708046620762,-0.497154081218946,5.54582713616587
29924,t8,ColiGuard,1.16517390476585,3.29421409557775,-0.15956960681728,-0.817893948910346,5.45353340259267
14209,t8,ColiGuard,0.232781819291573,2.56082030829697,0.0176079334757719,-0.980447829550211,5.23125870951987
14188,t8,ColiGuard,1.58412193860368,3.41466757282425,-0.465461512534488,-0.647740893172918,5.25748970405787
14307,t8,ColiGuard,0.942422638024231,3.2477559823998,0.179567483580504,-1.0451653935771,5.57494231075332
14183,t8,ColiGuard,2.26573720332559,2.97784890285637,-0.644126807265623,-0.399535415194881,5.40239127870411
14306,t8,ColiGuard,1.78947326335711,3.18783307209761,0.0207468719165688,-0.693037012793797,5.51342916248702
14308,t8,ColiGuard,0.371181504004867,3.20337742972438,0.0578977905511567,-0.517024361594468,5.45556051816427
29700,t8,ColiGuard,-0.360528278149462,3.22546707844876,0.205828960200496,-0.701496902747989,5.51653472598876
29704,t8,ColiGuard,1.31276950982916,3.36287979984378,-0.228696404394057,-0.129434157439291,5.37869017898985
14284,t8,ColiGuard,2.52501262013633,2.8811297764345,-0.731862175722155,-0.479983943660204,5.37172361366063
14275,t8,ColiGuard,2.27645348514517,3.63603835497129,-0.331556864627414,-0.602998971088944,5.45190845684523
14288,t8,ColiGuard,1.28708082753148,3.71075684964988,-0.266888185892686,-0.3101089867003,5.3566917423416
14297,t8,Neomycin+ColiGuard,1.48319835493272,2.03724783289655,-0.552914913031654,-0.145384340107626,4.92049892475174
14274,t8,Neomycin+ColiGuard,2.3624288428199,2.82673953406707,0.593361501261578,-0.287515106177702,4.89308301657518
29679,t8,Neomycin+ColiGuard,1.85544120995001,3.20687644391373,0.530275625081967,-0.0556813437953143,5.88857868009185
14263,t8,Neomycin+ColiGuard,1.07319445716168,3.24435730751335,0.113884733177049,-0.533332903857127,5.71630628857737
29702,t8,Neomycin+ColiGuard,0.70695768075471,3.10806153394318,0.133799850457023,0.20118355667001,5.60834861601223
29715,t8,Neomycin+ColiGuard,1.54862123757966,3.91571409927343,-0.192667606167265,-0.487188596551739,5.34243693180202
14195,t8,Neomycin+ColiGuard,0.746728379564279,3.3144563641189,0.0777138195938866,-0.738861195369073,4.8586779796737
14260,t8,Neomycin+ColiGuard,-0.361118341360924,3.42767203655552,-0.0752016875116966,-0.582669686113191,5.12670507715593
29643,t8,Neomycin+ColiGuard,0.784284003108628,3.69007378924885,-0.311964905312551,-0.501936415148549,4.96978176763922
14261,t8,Neomycin+ColiGuard,2.05379973671467,2.97226182633258,-0.419133263694016,-0.66625292740003,5.14319976307578
14186,t8,Neomycin+ColiGuard,1.35606906792887,3.43062290601219,-0.394570899790209,-0.407628643068912,5.34747779685918
29646,t8,Neomycin+ColiGuard,0.948741837239503,2.97758075219531,0.478964892069269,-0.651195022914045,5.75841964514871
29781,t8,Neomycin,1.42490749005516,3.49192433831622,-0.37010042326241,-0.393868445187193,5.25359975978815
29668,t8,Neomycin,-1.18749255869372,2.49665805823852,-0.0832373583334231,-1.03681518785045,4.91094019032168
14265,t8,Neomycin,2.040457539834,3.57068995111748,-0.0790496281413767,-0.621924265871114,5.4536268873324
29653,t8,Neomycin,2.15272639346049,3.31780498187882,-0.213796783921601,-0.590281360962815,5.53427814327801
14208,t8,Neomycin,1.71654424275915,2.91911724092245,0.0554040950986166,-1.00485040662174,5.7722889192619
14305,t8,Neomycin,2.26645477243939,3.69892568525975,-0.203783326409499,-0.778768583800045,5.46714018182842
29949,t8,Neomycin,1.70872241926949,3.15253724879247,-0.163638298035929,-0.59596140189995,5.41758673735312
29796,t8,Neomycin,1.44497418334707,3.48599640625379,-0.242865048228073,-0.299894928805105,5.45654793747527
29847,t8,Neomycin,0.847682635896874,3.81358274486854,-0.0149734449834612,-0.839680824859559,5.47306482756486
29793,t8,Neomycin,0.585220495048559,2.56166846084246,0.127985329350647,-1.39809124766842,5.71591746682552
29753,t8,Neomycin,1.43208225474056,3.32123057443716,-0.103442589989803,-0.501950115852138,5.60938133566246
29694,t8,Neomycin,1.24594561712817,2.68953694977558,-0.112864946280009,-0.596496430804625,5.28888822443197
14322,t9,Control,0.219961886082144,3.97816774551689,0.0136549094452263,-0.212291477428775,5.40617234869919
14187,t9,Control,0.0596343763043168,3.76003179902733,-0.00982699157754345,-0.159012102856667,5.10366350764503
29665,t9,Control,-0.876915805652028,2.30326325853721,0.237491901422806,-0.780314905574409,5.14235483106131
29705,t9,Control,1.28986089058427,4.17613527710037,-0.278521966990173,-0.763300729049344,5.10983388602929
29654,t9,Control,1.52494595355048,4.05729969281431,-0.0892758277630001,-0.580934850986083,5.48588401603799
14184,t9,Control,0.956799502202283,3.93482905443884,0.0480034097823166,-0.643443445466388,5.58444967688166
29666,t9,Control,0.627231498640135,3.27530413531207,-0.483555484665207,-0.425516907962237,4.87443098169657
29948,t9,Control,-0.0562392473131743,2.31759265443818,-0.105233435777878,-0.840443753455389,5.37974016612403
14159,t9,D-Scour,-1.01950635081353,2.89945427450683,0.0860283084370667,-1.21266442198692,5.50243303740659
29752,t9,D-Scour,1.16702091340269,3.77198669637817,-0.0296317707413783,-0.677331630117661,5.5280465546597
29875,t9,D-Scour,0.837758429530127,3.05579840885052,0.0107846006904118,-0.629665445474279,5.39548753998313
14276,t9,D-Scour,1.70801444649423,3.82496407164764,-0.000689870689666514,-0.722814552942404,5.55105480026642
29864,t9,D-Scour,1.07054256963151,3.62790681124139,-0.186134084083339,-0.190507428342625,5.33939963492869
14317,t9,D-Scour,-0.982311968255028,2.85447005474197,-0.0307489014159808,-1.03576435157933,5.2553866211414
29742,t9,D-Scour,-0.559945837420167,2.8315005584781,0.306421916554836,-0.969637173694392,5.59752736502123
29846,t9,D-Scour,0.634488556957417,3.33116772183746,0.0887986303528676,-1.03716397991114,5.25767270847536
29961,t9,Neomycin+D-Scour,1.54836942336906,3.14872491909348,-0.458955977942294,-0.564937471841973,5.34833798008182
29652,t9,Neomycin+D-Scour,1.01392965462237,3.8283102046079,-0.204990529190661,0.0362747808399381,5.31040019362875
29951,t9,Neomycin+D-Scour,0.287201165269442,2.97757567252705,-0.151345327978863,-0.556902969385426,4.79260353359559
29865,t9,Neomycin+D-Scour,-0.586673007407519,3.11037066357469,0.0962012861080964,-0.641183103899053,4.77461101985965
29667,t9,Neomycin+D-Scour,0.994816077679596,3.36937308586988,-0.150062660387272,-0.622084496255692,5.31824270440397
29931,t9,Neomycin+D-Scour,-0.449756719506818,3.27551568024852,0.00347790531772318,-0.795172465149731,5.38255187332383
14320,t9,Neomycin+D-Scour,0.878942459984251,3.15012808373313,-0.235820254136644,-0.729098729984516,5.43208242723856
29924,t9,ColiGuard,-0.720906015607256,2.639595761257,0.103958127163098,-0.975774750323572,5.07743962088426
14209,t9,ColiGuard,0.691935792065127,3.75872220712924,0.0330433349052941,-0.48749360523548,5.36171371819309
14188,t9,ColiGuard,1.20836195007007,2.88436576760623,-0.459525638538903,-0.70712185078945,5.13348549340093
14306,t9,ColiGuard,1.06934242824352,2.93999907643346,-0.20434799375358,-0.854431667747712,5.47694853812179
14308,t9,ColiGuard,-0.537127392392482,3.15655055704384,-0.000201777646320345,-0.823213940792634,5.51505251182495
29700,t9,ColiGuard,-1.12717217860689,2.74670227171997,0.190323313176974,-1.22306070836168,5.25864983062704
29704,t9,ColiGuard,1.54764020350364,3.27928443875212,0.0161033062017051,-0.159152010099586,5.5792679595484
14288,t9,ColiGuard,1.53076833003978,3.82837154342933,-0.421938839694445,-0.340016049923007,5.23101364333522
14263,t9,Neomycin+ColiGuard,0.73847457680642,2.72152783922482,-0.0737051158773445,-0.934176851100421,5.48043942797044
29702,t9,Neomycin+ColiGuard,1.42518181424605,2.5610389253084,0.506840801783465,-0.138043821634625,5.82065263004398
29715,t9,Neomycin+ColiGuard,1.10387700323105,3.94220787656365,-0.09675279095982,-0.488099171007213,5.37243737536492
14260,t9,Neomycin+ColiGuard,1.0462197066196,3.86055064290637,-0.0891187844221304,-0.270362903742415,5.38838374239131
29643,t9,Neomycin+ColiGuard,1.36783906206653,3.52081104244862,-0.0810060243391563,-0.623149839319378,5.51511379092214
14261,t9,Neomycin+ColiGuard,0.300640456385954,3.56780147020264,-0.0209307904533496,-0.619393556777182,5.23904776500862
14186,t9,Neomycin+ColiGuard,0.983217338092833,3.45731193993795,0.217979140096433,-0.199708526006002,4.98741837194853
29646,t9,Neomycin+ColiGuard,0.371588476874438,2.93606091372671,0.164311586160302,-0.777082928399223,5.50366147662712
29781,t9,Neomycin,0.724209199523401,3.57864147154341,-0.188750613928382,-0.590071820346469,5.30705219863906
29668,t9,Neomycin,-1.14386812713704,2.88289721525425,-0.0793912242119579,-0.880756463563813,5.13696639737981
14265,t9,Neomycin,0.279285148780865,3.29284863000267,-0.0924540348683771,-0.639545283207197,5.53166179454962
14208,t9,Neomycin,0.303998652172749,3.18432046095473,0.0318741432527551,-0.705897374877424,5.46386898106582
29796,t9,Neomycin,1.55424656296268,2.03731732993518,-0.886167683394498,0.178488583524441,5.34237340975472
29847,t9,Neomycin,0.739965668424682,3.69438334635403,0.0192101549113789,-0.636919393403305,5.51196100763189
29753,t9,Neomycin,2.0045191915519,3.4952481630584,-0.276903477969585,-0.915033394003128,5.61169136149608
29694,t9,Neomycin,0.972027033934141,3.58976414039407,0.140852417020143,-0.622482772693714,5.35655567988118
29654,t10,Control,2.06582970211784,3.27783624902934,-0.388507980401338,-0.623699814423483,5.41922821360311
14184,t10,Control,1.40298969778606,3.20065389543074,0.209190895246116,-0.65538402032603,5.48953647774335
29666,t10,Control,0.317798618940757,2.59840075047547,-0.00330728007008423,-0.955087675424541,5.16745283160507
29948,t10,Control,-0.0284172829342806,2.48420688147194,0.111226048036848,-0.904859944729795,5.42365426025
29864,t10,D-Scour,1.79465915614414,3.94778484106993,-0.53865348817652,-0.518252405821683,5.20485089780097
14317,t10,D-Scour,0.409817568495079,2.71829077377257,0.078981812986719,-0.564555116952265,4.99106066188584
29742,t10,D-Scour,-0.941200914888725,2.2602056232522,0.425319135990227,-1.17117862465983,5.65083353776558
29846,t10,D-Scour,1.4094665962553,3.30162777632038,0.0898693248621588,-1.04035810921281,5.52994362917536
29667,t10,Neomycin+D-Scour,0.75181821012197,3.11563719316142,0.336874041686849,-0.376338931198313,5.12787278009072
29931,t10,Neomycin+D-Scour,-0.911271892275548,2.57105573190832,0.0813092350000931,-0.828328005060395,5.11434300175131
14320,t10,Neomycin+D-Scour,0.787273678255418,3.10833138748461,0.137353397504733,-0.733963578449534,5.49169429286563
14287,t10,Neomycin+D-Scour,1.89430818367491,3.58205641223509,-0.211031781007078,-0.458558137689775,5.46903061438
14286,t10,Control,1.89484154259721,3.28459675161418,-0.317399112921945,-0.643874976703983,5.39200300917541
29962,t10,Control,1.27051449183282,3.10786016128532,-0.41455657140778,-0.506464718997021,5.09289909306241
29665,t10,Control,-0.784363232159294,1.9428516381391,0.391409385675334,-0.564828584608203,4.6538941592053
29705,t10,Control,0.880963490661596,3.42241825864902,0.169191852725817,-0.745451952825547,5.2794759566044
29704,t10,ColiGuard,2.07800674850416,3.92601824733756,-0.0413681971416463,-0.248615528820869,5.57825803513176
14284,t10,ColiGuard,1.63484779768171,3.36300821748567,0.0776391456885411,-0.49296462385546,5.47987794224471
14275,t10,ColiGuard,1.50934223280931,3.48127590149393,0.152160706104487,-0.518016283055193,5.64771310017696
14288,t10,ColiGuard,2.12322718149005,3.8335744392212,-0.312801278933366,-0.671892126681302,5.44945970831176
29643,t10,Neomycin+ColiGuard,1.69047997446385,3.75098086939618,0.176452089987678,-0.778277236744673,5.5747930157844
14261,t10,Neomycin+ColiGuard,1.4136196086256,3.413040922166,0.0960636329062594,-0.573273985529166,5.50888234728655
14186,t10,Neomycin+ColiGuard,1.70766606512806,3.25659755664319,0.489346592795091,-0.226197786015884,5.55124596211898
29646,t10,Neomycin+ColiGuard,-1.08803619300937,2.01731627006232,0.235356040890975,-1.2392675265756,5.58599931740314
29847,t10,Neomycin,2.11408052556286,3.72914923812696,-0.14889628021965,-0.917282502217341,5.50613165387883
29793,t10,Neomycin,0.3659074218799,1.40482231887401,0.119335435451821,-1.07020649411453,5.76873002794179
29753,t10,Neomycin,0.871555325402563,2.39698820561767,-0.0950833510918813,-0.840281159152353,5.25032062267269
29694,t10,Neomycin,1.56109503366504,1.98349413489754,-0.126780834029014,-1.11165231259387,5.45246303197602
29644,t10,D-Scour,1.42659882081394,3.57558162589295,0.0901457987189733,-0.872730731273281,5.48092433552359
14276,t10,D-Scour,1.66719006439617,3.4694520643378,0.083745257421179,-0.58377607854077,5.60466290808035
14262,t10,D-Scour,1.23275249258714,3.56122732155708,0.0332912098597856,-0.473585017796966,5.26142188922042
29765,t10,D-Scour,0.138703961139948,2.64292623290992,0.416781015471591,-0.704060942747521,4.99759812555798
29951,t10,Neomycin+D-Scour,1.32841449044517,3.13726834923424,-0.260834600602085,-0.816688874326023,5.43175445507246
29703,t10,Neomycin+D-Scour,0.512768583709138,2.76673041801675,-0.429298674092338,-0.563994645932777,5.01282639518858
29934,t10,Neomycin+D-Scour,2.00134765492179,2.44579996453162,-0.471620854789363,-0.919200256114772,5.41425899953169
29865,t10,Neomycin+D-Scour,1.58650764398164,3.14159736635311,-0.211158854255047,-0.79826343877318,5.26434905355292
14183,t10,ColiGuard,1.01838741379434,3.18138505042803,-0.00786883548715738,-0.599311134294765,5.28876136476637
14306,t10,ColiGuard,1.16412156008769,2.45592509228166,0.111562740487638,-1.05368402634478,5.76236151753081
14308,t10,ColiGuard,0.230813214800563,2.83764848772722,-0.173430153566883,-1.19273172913011,5.32609215912708
29700,t10,ColiGuard,1.65243779026996,3.70572985598938,0.0767242588807764,-0.805050758466262,5.57993709362434
29702,t10,Neomycin+ColiGuard,1.81408526046688,3.7418421218564,-0.0687231887286824,-0.674424290591032,5.49085767789718
29715,t10,Neomycin+ColiGuard,0.607051522526651,3.43454048204926,0.15915499563303,-0.44011213802909,5.14670948206939
14195,t10,Neomycin+ColiGuard,1.17140575596972,2.95938292258836,0.431587540961839,-0.725499825102354,4.9684718653989
14260,t10,Neomycin+ColiGuard,2.43330297059511,3.71009495569178,-0.256395664383319,-0.978079328450606,5.56183029102724
29707,t10,Control,1.11763503088964,3.28417535015072,-0.192632800211471,-0.721913537063583,5.14864678717517
14322,t10,Control,0.633454783156504,3.17319954892815,0.186994606940351,-0.265411785141461,5.18077778523894
29913,t10,Control,1.62176360157915,3.52283910124196,0.0753303445388163,-0.701532867958256,5.4375320256925
14187,t10,Control,1.56329541422585,3.2188550370907,0.211226137048546,-0.512812673688071,5.59008237547495
14159,t10,D-Scour,0.64310669570817,2.83699920488518,0.045042657861111,-0.874054627820246,5.41819789880477
14205,t10,D-Scour,1.01819029569682,3.18700019615956,-0.229281829852636,-0.745670697483715,5.18840191657709
29752,t10,D-Scour,1.75861434376087,2.52158403002922,-0.191010155784732,-0.619351676272648,5.60764923464293
29875,t10,D-Scour,1.22796918038123,3.09880781408321,0.14750296419911,-0.743363461283251,5.65318836739578
29961,t10,Neomycin+D-Scour,1.48552905922974,3.70204804188615,-0.241438821299966,-0.507119642040994,5.24435592119819
14295,t10,Neomycin+D-Scour,1.00924211873961,3.25119107884558,-0.160346904117616,-0.508786801810859,5.0558533892301
29652,t10,Neomycin+D-Scour,1.18474830925599,2.96813144079534,-0.166466287823936,-0.242523243558453,5.18808240815766
14194,t10,Neomycin+D-Scour,1.8480546586721,3.61344020703714,-0.157578189322796,-0.564173113037377,5.49650599716602
14208,t10,Neomycin,1.95300043081241,3.2693593849551,-0.107506715505377,-0.712057590303693,5.56127711817277
14305,t10,Neomycin,1.33915972658915,3.57553162770636,-0.0871132540405271,-1.19403074399102,5.44362687274415
29949,t10,Neomycin,1.40783714308027,3.78243704278884,0.176851025847415,-0.922357388874891,5.48175174523727
29796,t10,Neomycin,1.32128458263358,2.89064836748665,-0.144431563325692,0.242681603897791,5.54070141107073
29924,t10,ColiGuard,1.77360828017326,3.53118068325947,0.0636358677335875,-0.831863847050071,5.51011500861427
14209,t10,ColiGuard,2.14519484302225,4.00045261178806,0.121117035170565,-0.786686540097414,5.67051220288472
14188,t10,ColiGuard,1.68863230894686,3.41335036592211,-0.404292281780829,-0.609917607772375,5.35701552789108
14307,t10,ColiGuard,1.36960648326912,3.62945685604758,0.220060969572177,-0.747186677378216,5.5551517999608
14297,t10,Neomycin+ColiGuard,1.19067834692306,3.37273400718193,-0.240183735351288,-0.37494763969062,5.23594114405626
14274,t10,Neomycin+ColiGuard,1.8712920820278,3.47632218289322,-0.625419464585519,-0.410436743088009,5.28584683494129
29679,t10,Neomycin+ColiGuard,2.03688532557876,2.73451358282944,0.000496114245851123,-0.39962355664135,5.70985420578983
14263,t10,Neomycin+ColiGuard,0.102559138335022,2.27584897665835,-0.3252261148695,-1.16427245047218,5.38658313771785
29781,t10,Neomycin,0.825835467288635,3.17971669828019,-0.01041658357346,0.145014434795845,5.44704865422333
29668,t10,Neomycin,1.83591014180951,3.69997187873422,-0.169453324093716,-0.402680481397166,5.14851068942376
14265,t10,Neomycin,0.659838744120662,3.12634379798484,0.423992712916317,-0.948232499004808,5.80598489985267
29653,t10,Neomycin,0.960005902560642,3.66259647884774,-0.18186313996972,-0.674228660450048,5.19329803317541
